npm verbose cli /home/ubuntu/.nvm/versions/node/v20.19.4/bin/node /home/ubuntu/.nvm/versions/node/v20.19.4/bin/npm
npm info using npm@10.8.2
npm info using node@v20.19.4
npm warn config optional Use `--omit=optional` to exclude optional dependencies, or
npm warn config `--include=optional` to include them.
npm warn config
npm warn config       Default value does install optional deps unless otherwise omitted.
npm verbose title npm install
npm verbose argv "install" "--no-optional" "--loglevel" "verbose"
npm verbose logfile logs-max:10 dir:/home/ubuntu/.npm/_logs/2025-09-01T13_37_01_698Z-
npm verbose logfile /home/ubuntu/.npm/_logs/2025-09-01T13_37_01_698Z-debug-0.log
npm http fetch GET 200 https://registry.npmjs.org/@expo%2fvector-icons 162ms (cache miss)
npm http fetch GET 200 https://registry.npmjs.org/@react-navigation%2fbottom-tabs 67ms (cache miss)
npm http fetch GET 200 https://registry.npmjs.org/@react-navigation%2fnative 56ms (cache miss)
npm http fetch GET 200 https://registry.npmjs.org/@react-navigation%2fnative-stack 86ms (cache miss)
npm http fetch GET 200 https://registry.npmjs.org/@shopify%2fflash-list 87ms (cache miss)
npm http fetch GET 200 https://registry.npmjs.org/@supabase%2fsupabase-js 63ms (cache miss)
npm http fetch GET 200 https://registry.npmjs.org/base-64 29ms (cache miss)
npm http fetch GET 200 https://registry.npmjs.org/date-fns 169ms (cache miss)
npm http fetch GET 200 https://registry.npmjs.org/expo 68ms (cache miss)
npm http fetch GET 200 https://registry.npmjs.org/expo-file-system 46ms (cache miss)
npm http fetch GET 200 https://registry.npmjs.org/expo-image-picker 96ms (cache miss)
npm http fetch GET 200 https://registry.npmjs.org/expo-linear-gradient 35ms (cache miss)
npm http fetch GET 200 https://registry.npmjs.org/expo-linking 76ms (cache miss)
npm http fetch GET 200 https://registry.npmjs.org/expo-status-bar 34ms (cache miss)
npm http fetch GET 200 https://registry.npmjs.org/react 144ms (cache miss)
npm http fetch GET 200 https://registry.npmjs.org/react-native 256ms (cache miss)
npm http fetch GET 200 https://registry.npmjs.org/react-native-gesture-handler 39ms (cache miss)
npm http fetch GET 200 https://registry.npmjs.org/react-native-gifted-charts 33ms (cache miss)
npm http fetch GET 200 https://registry.npmjs.org/react-native-linear-gradient 76ms (cache miss)
npm http fetch GET 200 https://registry.npmjs.org/react-native-mmkv 616ms (cache miss)
npm http fetch GET 200 https://registry.npmjs.org/react-native-reanimated 131ms (cache miss)
npm http fetch GET 200 https://registry.npmjs.org/react-native-safe-area-context 48ms (cache miss)
npm http fetch GET 200 https://registry.npmjs.org/react-native-screens 50ms (cache miss)
npm http fetch GET 200 https://registry.npmjs.org/react-native-svg 35ms (cache miss)
npm http fetch GET 200 https://registry.npmjs.org/react-native-toast-message 35ms (cache miss)
npm http fetch GET 200 https://registry.npmjs.org/react-native-url-polyfill 94ms (cache miss)
npm http fetch GET 200 https://registry.npmjs.org/zod 79ms (cache miss)
npm http fetch GET 200 https://registry.npmjs.org/@babel%2fcore 75ms (cache miss)
npm http fetch GET 200 https://registry.npmjs.org/@expo%2fngrok 71ms (cache miss)
npm http fetch GET 200 https://registry.npmjs.org/@types%2freact 66ms (cache miss)
npm http fetch GET 200 https://registry.npmjs.org/typescript 238ms (cache miss)
npm http fetch GET 200 https://registry.npmjs.org/@ampproject%2fremapping 61ms (cache miss)
npm http fetch GET 200 https://registry.npmjs.org/@babel%2fcode-frame 39ms (cache miss)
npm http fetch GET 200 https://registry.npmjs.org/@babel%2fgenerator 41ms (cache miss)
npm http fetch GET 200 https://registry.npmjs.org/@babel%2fhelper-compilation-targets 39ms (cache miss)
npm http fetch GET 200 https://registry.npmjs.org/@babel%2fhelper-module-transforms 43ms (cache miss)
npm http fetch GET 200 https://registry.npmjs.org/@babel%2fhelpers 41ms (cache miss)
npm http fetch GET 200 https://registry.npmjs.org/@babel%2fparser 46ms (cache miss)
npm http fetch GET 200 https://registry.npmjs.org/@babel%2ftemplate 38ms (cache miss)
npm http fetch GET 200 https://registry.npmjs.org/@babel%2ftraverse 37ms (cache miss)
npm http fetch GET 200 https://registry.npmjs.org/@babel%2ftypes 46ms (cache miss)
npm http fetch GET 200 https://registry.npmjs.org/convert-source-map 27ms (cache miss)
npm http fetch GET 200 https://registry.npmjs.org/debug 32ms (cache miss)
npm http fetch GET 200 https://registry.npmjs.org/gensync 27ms (cache miss)
npm http fetch GET 200 https://registry.npmjs.org/json5 31ms (cache miss)
npm http fetch GET 200 https://registry.npmjs.org/semver 38ms (cache miss)
npm http fetch GET 200 https://registry.npmjs.org/got 33ms (cache miss)
npm http fetch GET 200 https://registry.npmjs.org/uuid 28ms (cache miss)
npm http fetch GET 200 https://registry.npmjs.org/yaml 30ms (cache miss)
npm http fetch GET 200 https://registry.npmjs.org/@expo%2fngrok-bin 66ms (cache miss)
npm http fetch GET 200 https://registry.npmjs.org/@react-navigation%2felements 59ms (cache miss)
npm http fetch GET 200 https://registry.npmjs.org/color 29ms (cache miss)
npm http fetch GET 200 https://registry.npmjs.org/@react-navigation%2fcore 78ms (cache miss)
npm http fetch GET 200 https://registry.npmjs.org/escape-string-regexp 31ms (cache miss)
npm http fetch GET 200 https://registry.npmjs.org/fast-deep-equal 34ms (cache miss)
npm http fetch GET 200 https://registry.npmjs.org/nanoid 31ms (cache miss)
npm http fetch GET 200 https://registry.npmjs.org/use-latest-callback 28ms (cache miss)
npm http fetch GET 200 https://registry.npmjs.org/warn-once 29ms (cache miss)
npm http fetch GET 200 https://registry.npmjs.org/tslib 32ms (cache miss)
npm http fetch GET 200 https://registry.npmjs.org/@supabase%2fauth-js 50ms (cache miss)
npm http fetch GET 200 https://registry.npmjs.org/@supabase%2ffunctions-js 49ms (cache miss)
npm http fetch GET 200 https://registry.npmjs.org/@supabase%2fnode-fetch 144ms (cache miss)
npm http fetch GET 200 https://registry.npmjs.org/@supabase%2fpostgrest-js 146ms (cache miss)
npm http fetch GET 200 https://registry.npmjs.org/@supabase%2frealtime-js 123ms (cache miss)
npm http fetch GET 200 https://registry.npmjs.org/@supabase%2fstorage-js 117ms (cache miss)
npm http fetch GET 200 https://registry.npmjs.org/csstype 31ms (cache miss)
npm http fetch GET 200 https://registry.npmjs.org/@expo%2fcli 91ms (cache miss)
npm http fetch GET 200 https://registry.npmjs.org/expo-font 36ms (cache miss)
npm http fetch GET 200 https://registry.npmjs.org/expo-asset 44ms (cache miss)
npm http fetch GET 200 https://registry.npmjs.org/@expo%2fconfig 104ms (cache miss)
npm http fetch GET 200 https://registry.npmjs.org/@babel%2fruntime 133ms (cache miss)
npm http fetch GET 200 https://registry.npmjs.org/expo-constants 47ms (cache miss)
npm http fetch GET 200 https://registry.npmjs.org/expo-keep-awake 33ms (cache miss)
npm http fetch GET 200 https://registry.npmjs.org/@expo%2ffingerprint 97ms (cache miss)
npm http fetch GET 200 https://registry.npmjs.org/babel-preset-expo 37ms (cache miss)
npm http fetch GET 200 https://registry.npmjs.org/expo-modules-core 33ms (cache miss)
npm http fetch GET 200 https://registry.npmjs.org/@expo%2fmetro-config 94ms (cache miss)
npm http fetch GET 200 https://registry.npmjs.org/@expo%2fconfig-plugins 82ms (cache miss)
npm http fetch GET 200 https://registry.npmjs.org/expo-modules-autolinking 31ms (cache miss)
npm http fetch GET 200 https://registry.npmjs.org/react-native-edge-to-edge 34ms (cache miss)
npm http fetch GET 200 https://registry.npmjs.org/whatwg-url-without-unicode 27ms (cache miss)
npm http fetch GET 200 https://registry.npmjs.org/expo-image-loader 64ms (cache miss)
npm http fetch GET 200 https://registry.npmjs.org/invariant 43ms (cache miss)
npm http fetch GET 200 https://registry.npmjs.org/react-native-is-edge-to-edge 31ms (cache miss)
npm http fetch GET 200 https://registry.npmjs.org/ws 56ms (cache miss)
npm http fetch GET 200 https://registry.npmjs.org/glob 40ms (cache miss)
npm http fetch GET 200 https://registry.npmjs.org/anser 29ms (cache miss)
npm http fetch GET 200 https://registry.npmjs.org/chalk 28ms (cache miss)
npm http fetch GET 200 https://registry.npmjs.org/yargs 37ms (cache miss)
npm http fetch GET 200 https://registry.npmjs.org/semver 8ms (cache hit)
npm http fetch GET 200 https://registry.npmjs.org/promise 29ms (cache miss)
npm http fetch GET 200 https://registry.npmjs.org/base64-js 33ms (cache miss)
npm http fetch GET 200 https://registry.npmjs.org/commander 35ms (cache miss)
npm http fetch GET 200 https://registry.npmjs.org/scheduler 135ms (cache miss)
npm http fetch GET 200 https://registry.npmjs.org/ansi-regex 44ms (cache miss)
npm http fetch GET 200 https://registry.npmjs.org/babel-jest 37ms (cache miss)
npm http fetch GET 200 https://registry.npmjs.org/nullthrows 33ms (cache miss)
npm http fetch GET 200 https://registry.npmjs.org/memoize-one 30ms (cache miss)
npm http fetch GET 200 https://registry.npmjs.org/whatwg-fetch 29ms (cache miss)
npm http fetch GET 200 https://registry.npmjs.org/metro-runtime 36ms (cache miss)
npm http fetch GET 200 https://registry.npmjs.org/pretty-format 32ms (cache miss)
npm http fetch GET 200 https://registry.npmjs.org/react-refresh 103ms (cache miss)
npm http fetch GET 200 https://registry.npmjs.org/abort-controller 28ms (cache miss)
npm http fetch GET 200 https://registry.npmjs.org/metro-source-map 34ms (cache miss)
npm http fetch GET 200 https://registry.npmjs.org/event-target-shim 28ms (cache miss)
npm http fetch GET 200 https://registry.npmjs.org/stacktrace-parser 33ms (cache miss)
npm http fetch GET 200 https://registry.npmjs.org/flow-enums-runtime 30ms (cache miss)
npm http fetch GET 200 https://registry.npmjs.org/react-devtools-core 36ms (cache miss)
npm http fetch GET 200 https://registry.npmjs.org/regenerator-runtime 25ms (cache miss)
npm http fetch GET 200 https://registry.npmjs.org/@react-native%2fcodegen 108ms (cache miss)
npm http fetch GET 200 https://registry.npmjs.org/jest-environment-node 46ms (cache miss)
npm http fetch GET 200 https://registry.npmjs.org/@react-native%2fjs-polyfills 86ms (cache miss)
npm http fetch GET 200 https://registry.npmjs.org/@react-native%2fgradle-plugin 713ms (cache miss)
npm http fetch GET 200 https://registry.npmjs.org/@react-native%2fassets-registry 57ms (cache miss)
npm http fetch GET 200 https://registry.npmjs.org/@react-native%2fnormalize-colors 108ms (cache miss)
npm http fetch GET 200 https://registry.npmjs.org/@jest%2fcreate-cache-key-function 77ms (cache miss)
npm http fetch GET 200 https://registry.npmjs.org/@react-native%2fvirtualized-lists 58ms (cache miss)
npm http fetch GET 200 https://registry.npmjs.org/babel-plugin-syntax-hermes-parser 35ms (cache miss)
npm http fetch GET 200 https://registry.npmjs.org/@react-native%2fcommunity-cli-plugin 98ms (cache miss)
npm http fetch GET 200 https://registry.npmjs.org/@egjs%2fhammerjs 83ms (cache miss)
npm http fetch GET 200 https://registry.npmjs.org/hoist-non-react-statics 29ms (cache miss)
npm http fetch GET 200 https://registry.npmjs.org/gifted-charts-core 41ms (cache miss)
npm http fetch GET 200 https://registry.npmjs.org/@babel%2fpreset-typescript 38ms (cache miss)
npm http fetch GET 200 https://registry.npmjs.org/react-native-is-edge-to-edge 7ms (cache hit)
npm http fetch GET 200 https://registry.npmjs.org/@babel%2fplugin-transform-classes 32ms (cache miss)
npm http fetch GET 200 https://registry.npmjs.org/@babel%2fplugin-transform-unicode-regex 53ms (cache miss)
npm http fetch GET 200 https://registry.npmjs.org/@babel%2fplugin-transform-arrow-functions 35ms (cache miss)
npm http fetch GET 200 https://registry.npmjs.org/@babel%2fplugin-transform-class-properties 44ms (cache miss)
npm http fetch GET 200 https://registry.npmjs.org/@babel%2fplugin-transform-optional-chaining 40ms (cache miss)
npm http fetch GET 200 https://registry.npmjs.org/@babel%2fplugin-transform-template-literals 121ms (cache miss)
npm http fetch GET 200 https://registry.npmjs.org/@babel%2fplugin-transform-shorthand-properties 55ms (cache miss)
npm http fetch GET 200 https://registry.npmjs.org/@babel%2fplugin-transform-nullish-coalescing-operator 35ms (cache miss)
npm http fetch GET 200 https://registry.npmjs.org/warn-once 3ms (cache hit)
npm http fetch GET 200 https://registry.npmjs.org/react-freeze 33ms (cache miss)
npm http fetch GET 200 https://registry.npmjs.org/css-tree 31ms (cache miss)
npm http fetch GET 200 https://registry.npmjs.org/css-select 30ms (cache miss)
npm http fetch GET 200 https://registry.npmjs.org/@jridgewell%2fgen-mapping 48ms (cache miss)
npm http fetch GET 200 https://registry.npmjs.org/@jridgewell%2ftrace-mapping 43ms (cache miss)
npm http fetch GET 200 https://registry.npmjs.org/js-tokens 33ms (cache miss)
npm http fetch GET 200 https://registry.npmjs.org/picocolors 26ms (cache miss)
npm http fetch GET 200 https://registry.npmjs.org/@babel%2fhelper-validator-identifier 40ms (cache miss)
npm http fetch GET 200 https://registry.npmjs.org/@jridgewell%2fgen-mapping 4ms (cache hit)
npm http fetch GET 200 https://registry.npmjs.org/@jridgewell%2ftrace-mapping 2ms (cache hit)
npm http fetch GET 200 https://registry.npmjs.org/jsesc 30ms (cache miss)
npm http fetch GET 200 https://registry.npmjs.org/lru-cache 34ms (cache miss)
npm http fetch GET 200 https://registry.npmjs.org/browserslist 32ms (cache miss)
npm http fetch GET 200 https://registry.npmjs.org/@babel%2fcompat-data 37ms (cache miss)
npm http fetch GET 200 https://registry.npmjs.org/@babel%2fhelper-validator-option 43ms (cache miss)
npm http fetch GET 200 https://registry.npmjs.org/@babel%2fhelper-module-imports 40ms (cache miss)
npm http fetch GET 200 https://registry.npmjs.org/@babel%2ftypes 4ms (cache hit)
npm http fetch GET 200 https://registry.npmjs.org/@babel%2fhelper-globals 54ms (cache miss)
npm http fetch GET 200 https://registry.npmjs.org/debug 3ms (cache hit)
npm http fetch GET 200 https://registry.npmjs.org/@babel%2fhelper-string-parser 35ms (cache miss)
npm http fetch GET 200 https://registry.npmjs.org/ms 31ms (cache miss)
npm http fetch GET 200 https://registry.npmjs.org/@jridgewell%2fsourcemap-codec 56ms (cache miss)
npm http fetch GET 200 https://registry.npmjs.org/@jridgewell%2fresolve-uri 56ms (cache miss)
npm http fetch GET 200 https://registry.npmjs.org/@jridgewell%2fsourcemap-codec 4ms (cache hit)
npm http fetch GET 200 https://registry.npmjs.org/caniuse-lite 76ms (cache miss)
npm http fetch GET 200 https://registry.npmjs.org/electron-to-chromium 111ms (cache miss)
npm http fetch GET 200 https://registry.npmjs.org/node-releases 213ms (cache miss)
npm http fetch GET 200 https://registry.npmjs.org/update-browserslist-db 27ms (cache miss)
npm http fetch GET 200 https://registry.npmjs.org/yallist 28ms (cache miss)
npm http fetch GET 200 https://registry.npmjs.org/@expo%2fngrok-bin-linux-arm 72ms (cache miss)
npm http fetch GET 200 https://registry.npmjs.org/@expo%2fngrok-bin-linux-x64 86ms (cache miss)
npm http fetch GET 200 https://registry.npmjs.org/@expo%2fngrok-bin-sunos-x64 73ms (cache miss)
npm http fetch GET 200 https://registry.npmjs.org/@expo%2fngrok-bin-win32-x64 74ms (cache miss)
npm http fetch GET 200 https://registry.npmjs.org/@expo%2fngrok-bin-darwin-x64 71ms (cache miss)
npm http fetch GET 200 https://registry.npmjs.org/@expo%2fngrok-bin-linux-ia32 85ms (cache miss)
npm http fetch GET 200 https://registry.npmjs.org/@expo%2fngrok-bin-win32-ia32 82ms (cache miss)
npm http fetch GET 200 https://registry.npmjs.org/@expo%2fngrok-bin-freebsd-x64 79ms (cache miss)
npm http fetch GET 200 https://registry.npmjs.org/@expo%2fngrok-bin-linux-arm64 70ms (cache miss)
npm http fetch GET 200 https://registry.npmjs.org/@expo%2fngrok-bin-darwin-arm64 78ms (cache miss)
npm http fetch GET 200 https://registry.npmjs.org/@expo%2fngrok-bin-freebsd-ia32 77ms (cache miss)
npm http fetch GET 200 https://registry.npmjs.org/p-cancelable 29ms (cache miss)
npm http fetch GET 200 https://registry.npmjs.org/responselike 27ms (cache miss)
npm http fetch GET 200 https://registry.npmjs.org/http2-wrapper 65ms (cache miss)
npm http fetch GET 200 https://registry.npmjs.org/lowercase-keys 36ms (cache miss)
npm http fetch GET 200 https://registry.npmjs.org/@sindresorhus%2fis 51ms (cache miss)
npm http fetch GET 200 https://registry.npmjs.org/cacheable-lookup 29ms (cache miss)
npm http fetch GET 200 https://registry.npmjs.org/cacheable-request 28ms (cache miss)
npm http fetch GET 200 https://registry.npmjs.org/@types%2fresponselike 37ms (cache miss)
npm http fetch GET 200 https://registry.npmjs.org/decompress-response 28ms (cache miss)
npm http fetch GET 200 https://registry.npmjs.org/@szmarczak%2fhttp-timer 45ms (cache miss)
npm http fetch GET 200 https://registry.npmjs.org/@types%2fcacheable-request 51ms (cache miss)
npm http fetch GET 200 https://registry.npmjs.org/use-sync-external-store 94ms (cache miss)
npm http fetch GET 200 https://registry.npmjs.org/color-string 27ms (cache miss)
npm http fetch GET 200 https://registry.npmjs.org/color-convert 30ms (cache miss)
npm http fetch GET 200 https://registry.npmjs.org/@react-navigation%2frouters 52ms (cache miss)
npm http fetch GET 200 https://registry.npmjs.org/query-string 30ms (cache miss)
npm http fetch GET 200 https://registry.npmjs.org/react-is 124ms (cache miss)
npm http fetch GET 200 https://registry.npmjs.org/filter-obj 37ms (cache miss)
npm http fetch GET 200 https://registry.npmjs.org/split-on-first 40ms (cache miss)
npm http fetch GET 200 https://registry.npmjs.org/strict-uri-encode 28ms (cache miss)
npm http fetch GET 200 https://registry.npmjs.org/decode-uri-component 33ms (cache miss)
npm http fetch GET 200 https://registry.npmjs.org/@supabase%2fnode-fetch 9ms (cache hit)
npm http fetch GET 200 https://registry.npmjs.org/whatwg-url 37ms (cache miss)
npm http fetch GET 200 https://registry.npmjs.org/@types%2fphoenix 42ms (cache miss)
npm http fetch GET 200 https://registry.npmjs.org/ws 5ms (cache hit)
npm http fetch GET 200 https://registry.npmjs.org/@types%2fws 42ms (cache miss)
npm http fetch GET 200 https://registry.npmjs.org/tr46 31ms (cache miss)
npm http fetch GET 200 https://registry.npmjs.org/webidl-conversions 31ms (cache miss)
npm http fetch GET 200 https://registry.npmjs.org/@types%2fnode 180ms (cache miss)
npm http fetch GET 200 https://registry.npmjs.org/undici-types 36ms (cache miss)
npm http fetch GET 200 https://registry.npmjs.org/escalade 29ms (cache miss)
npm http fetch GET 200 https://registry.npmjs.org/color-name 30ms (cache miss)
npm http fetch GET 200 https://registry.npmjs.org/color-name 4ms (cache hit)
npm http fetch GET 200 https://registry.npmjs.org/simple-swizzle 30ms (cache miss)
npm http fetch GET 200 https://registry.npmjs.org/is-arrayish 31ms (cache miss)
npm http fetch GET 200 https://registry.npmjs.org/arg 25ms (cache miss)
npm http fetch GET 200 https://registry.npmjs.org/ora 37ms (cache miss)
npm http fetch GET 200 https://registry.npmjs.org/tar 31ms (cache miss)
npm http fetch GET 200 https://registry.npmjs.org/glob 5ms (cache hit)
npm http fetch GET 200 https://registry.npmjs.org/send 30ms (cache miss)
npm http fetch GET 200 https://registry.npmjs.org/getenv 40ms (cache miss)
npm http fetch GET 200 https://registry.npmjs.org/undici 41ms (cache miss)
npm http fetch GET 200 https://registry.npmjs.org/accepts 39ms (cache miss)
npm http fetch GET 200 https://registry.npmjs.org/ci-info 28ms (cache miss)
npm http fetch GET 200 https://registry.npmjs.org/connect 42ms (cache miss)
npm http fetch GET 200 https://registry.npmjs.org/prompts 36ms (cache miss)
npm http fetch GET 200 https://registry.npmjs.org/resolve 37ms (cache miss)
npm http fetch GET 200 https://registry.npmjs.org/slugify 33ms (cache miss)
npm http fetch GET 200 https://registry.npmjs.org/progress 30ms (cache miss)
npm http fetch GET 200 https://registry.npmjs.org/requireg 27ms (cache miss)
npm http fetch GET 200 https://registry.npmjs.org/@expo%2fenv 84ms (cache miss)
npm http fetch GET 200 https://registry.npmjs.org/minimatch 32ms (cache miss)
npm http fetch GET 200 https://registry.npmjs.org/picomatch 32ms (cache miss)
npm http fetch GET 200 https://registry.npmjs.org/wrap-ansi 27ms (cache miss)
npm http fetch GET 200 https://registry.npmjs.org/@urql%2fcore 56ms (cache miss)
npm http fetch GET 200 https://registry.npmjs.org/better-opn 37ms (cache miss)
npm http fetch GET 200 https://registry.npmjs.org/env-editor 31ms (cache miss)
npm http fetch GET 200 https://registry.npmjs.org/node-forge 29ms (cache miss)
npm http fetch GET 200 https://registry.npmjs.org/@expo%2fplist 83ms (cache miss)
npm http fetch GET 200 https://registry.npmjs.org/compression 26ms (cache miss)
npm http fetch GET 200 https://registry.npmjs.org/lan-network 42ms (cache miss)
npm http fetch GET 200 https://registry.npmjs.org/pretty-bytes 30ms (cache miss)
npm http fetch GET 200 https://registry.npmjs.org/resolve-from 34ms (cache miss)
npm http fetch GET 200 https://registry.npmjs.org/@expo%2fdevcert 120ms (cache miss)
npm http fetch GET 200 https://registry.npmjs.org/bplist-parser 31ms (cache miss)
npm http fetch GET 200 https://registry.npmjs.org/terminal-link 31ms (cache miss)
npm http fetch GET 200 https://registry.npmjs.org/@expo%2fxcpretty 74ms (cache miss)
npm http fetch GET 200 https://registry.npmjs.org/bplist-creator 24ms (cache miss)
npm http fetch GET 200 https://registry.npmjs.org/freeport-async 26ms (cache miss)
npm http fetch GET 200 https://registry.npmjs.org/@expo%2fjson-file 83ms (cache miss)
npm http fetch GET 200 https://registry.npmjs.org/@expo%2fosascript 74ms (cache miss)
npm http fetch GET 200 https://registry.npmjs.org/@expo%2fws-tunnel 86ms (cache miss)
npm http fetch GET 200 https://registry.npmjs.org/npm-package-arg 29ms (cache miss)
npm http fetch GET 200 https://registry.npmjs.org/qrcode-terminal 29ms (cache miss)
npm http fetch GET 200 https://registry.npmjs.org/resolve.exports 27ms (cache miss)
npm http fetch GET 200 https://registry.npmjs.org/@expo%2fimage-utils 77ms (cache miss)
npm http fetch GET 200 https://registry.npmjs.org/@expo%2fspawn-async 85ms (cache miss)
npm http fetch GET 200 https://registry.npmjs.org/@expo%2fmetro-config 5ms (cache hit)
npm http fetch GET 200 https://registry.npmjs.org/@expo%2fschema-utils 639ms (cache miss)
npm http fetch GET 200 https://registry.npmjs.org/source-map-support 32ms (cache miss)
npm http fetch GET 200 https://registry.npmjs.org/structured-headers 636ms (cache miss)
npm http fetch GET 200 https://registry.npmjs.org/@0no-co%2fgraphql.web 83ms (cache miss)
npm http fetch GET 200 https://registry.npmjs.org/require-from-string 29ms (cache miss)
npm http fetch GET 200 https://registry.npmjs.org/@urql%2fexchange-retry 81ms (cache miss)
npm http fetch GET 200 https://registry.npmjs.org/@expo%2fpackage-manager 84ms (cache miss)
npm http fetch GET 200 https://registry.npmjs.org/@expo%2fprebuild-config 89ms (cache miss)
npm http fetch GET 200 https://registry.npmjs.org/@react-native%2fdev-middleware 113ms (cache miss)
npm http fetch GET 200 https://registry.npmjs.org/@expo%2fcode-signing-certificates 75ms (cache miss)
npm http fetch GET 200 https://registry.npmjs.org/sucrase 39ms (cache miss)
npm http fetch GET 200 https://registry.npmjs.org/deepmerge 25ms (cache miss)
npm http fetch GET 200 https://registry.npmjs.org/@babel%2fcode-frame 6ms (cache hit)
npm http fetch GET 200 https://registry.npmjs.org/@expo%2fconfig-types 86ms (cache miss)
npm http fetch GET 200 https://registry.npmjs.org/resolve-workspace-root 39ms (cache miss)
npm http fetch GET 200 https://registry.npmjs.org/chalk 4ms (cache hit)
npm http fetch GET 200 https://registry.npmjs.org/slash 25ms (cache miss)
npm http fetch GET 200 https://registry.npmjs.org/xcode 83ms (cache miss)
npm http fetch GET 200 https://registry.npmjs.org/xml2js 40ms (cache miss)
npm http fetch GET 200 https://registry.npmjs.org/slugify 4ms (cache hit)
npm http fetch GET 200 https://registry.npmjs.org/@expo%2fjson-file 4ms (cache hit)
npm http fetch GET 200 https://registry.npmjs.org/@expo%2fsdk-runtime-versions 75ms (cache miss)
npm http fetch GET 200 https://registry.npmjs.org/ignore 28ms (cache miss)
npm http fetch GET 200 https://registry.npmjs.org/find-up 30ms (cache miss)
npm http fetch GET 200 https://registry.npmjs.org/p-limit 27ms (cache miss)
npm http fetch GET 200 https://registry.npmjs.org/dotenv 32ms (cache miss)
npm http fetch GET 200 https://registry.npmjs.org/postcss 35ms (cache miss)
npm http fetch GET 200 https://registry.npmjs.org/jsc-safe-url 27ms (cache miss)
npm http fetch GET 200 https://registry.npmjs.org/lightningcss 29ms (cache miss)
npm http fetch GET 200 https://registry.npmjs.org/dotenv-expand 42ms (cache miss)
npm http fetch GET 200 https://registry.npmjs.org/react-refresh 15ms (cache hit)
npm http fetch GET 200 https://registry.npmjs.org/@babel%2fpreset-react 41ms (cache miss)
npm http fetch GET 200 https://registry.npmjs.org/@babel%2fpreset-typescript 3ms (cache hit)
npm http fetch GET 200 https://registry.npmjs.org/@react-native%2fbabel-preset 71ms (cache miss)
npm http fetch GET 200 https://registry.npmjs.org/babel-plugin-react-native-web 60ms (cache miss)
npm http fetch GET 200 https://registry.npmjs.org/@babel%2fplugin-transform-runtime 38ms (cache miss)
npm http fetch GET 200 https://registry.npmjs.org/@babel%2fplugin-proposal-decorators 43ms (cache miss)
npm http fetch GET 200 https://registry.npmjs.org/babel-plugin-syntax-hermes-parser 3ms (cache hit)
npm http fetch GET 200 https://registry.npmjs.org/babel-plugin-transform-flow-enums 36ms (cache miss)
npm http fetch GET 200 https://registry.npmjs.org/@babel%2fplugin-transform-parameters 43ms (cache miss)
npm http fetch GET 200 https://registry.npmjs.org/@babel%2fplugin-transform-private-methods 46ms (cache miss)
npm http fetch GET 200 https://registry.npmjs.org/@babel%2fplugin-syntax-export-default-from 38ms (cache miss)
npm http fetch GET 200 https://registry.npmjs.org/@babel%2fplugin-transform-flow-strip-types 40ms (cache miss)
npm http fetch GET 200 https://registry.npmjs.org/@babel%2fplugin-transform-modules-commonjs 37ms (cache miss)
npm http fetch GET 200 https://registry.npmjs.org/@babel%2fplugin-proposal-export-default-from 38ms (cache miss)
npm http fetch GET 200 https://registry.npmjs.org/@babel%2fplugin-transform-object-rest-spread 39ms (cache miss)
npm http fetch GET 200 https://registry.npmjs.org/@babel%2fplugin-transform-export-namespace-from 40ms (cache miss)
npm http fetch GET 200 https://registry.npmjs.org/@babel%2fplugin-transform-private-property-in-object 40ms (cache miss)
npm http fetch GET 200 https://registry.npmjs.org/fontfaceobserver 50ms (cache miss)
npm http fetch GET 200 https://registry.npmjs.org/commander 3ms (cache hit)
npm http fetch GET 200 https://registry.npmjs.org/buffer 37ms (cache miss)
npm http fetch GET 200 https://registry.npmjs.org/punycode 30ms (cache miss)
npm http fetch GET 200 https://registry.npmjs.org/webidl-conversions 3ms (cache hit)
npm http fetch GET 200 https://registry.npmjs.org/node-forge 4ms (cache hit)
npm http fetch GET 200 https://registry.npmjs.org/@expo%2fsudo-prompt 69ms (cache miss)
npm http fetch GET 200 https://registry.npmjs.org/temp-dir 27ms (cache miss)
npm http fetch GET 200 https://registry.npmjs.org/parse-png 28ms (cache miss)
npm http fetch GET 200 https://registry.npmjs.org/jimp-compact 25ms (cache miss)
npm http fetch GET 200 https://registry.npmjs.org/unique-string 35ms (cache miss)
npm http fetch GET 200 https://registry.npmjs.org/exec-async 32ms (cache miss)
npm http fetch GET 200 https://registry.npmjs.org/base64-js 10ms (cache hit)
npm http fetch GET 200 https://registry.npmjs.org/xmlbuilder 33ms (cache miss)
npm http fetch GET 200 https://registry.npmjs.org/@xmldom%2fxmldom 45ms (cache miss)
npm http fetch GET 200 https://registry.npmjs.org/@react-native%2fnormalize-colors 5ms (cache hit)
npm http fetch GET 200 https://registry.npmjs.org/cross-spawn 31ms (cache miss)
npm http fetch GET 200 https://registry.npmjs.org/js-yaml 27ms (cache miss)
npm http fetch GET 200 https://registry.npmjs.org/open 28ms (cache miss)
npm http fetch GET 200 https://registry.npmjs.org/connect 3ms (cache hit)
npm http fetch GET 200 https://registry.npmjs.org/serve-static 31ms (cache miss)
npm http fetch GET 200 https://registry.npmjs.org/chrome-launcher 26ms (cache miss)
npm http fetch GET 200 https://registry.npmjs.org/@isaacs%2fttlcache 40ms (cache miss)
npm http fetch GET 200 https://registry.npmjs.org/chromium-edge-launcher 30ms (cache miss)
npm http fetch GET 200 https://registry.npmjs.org/@react-native%2fdebugger-frontend 84ms (cache miss)
npm http fetch GET 200 https://registry.npmjs.org/wonka 32ms (cache miss)
npm http fetch GET 200 https://registry.npmjs.org/mime-types 28ms (cache miss)
npm http fetch GET 200 https://registry.npmjs.org/negotiator 31ms (cache miss)
npm http fetch GET 200 https://registry.npmjs.org/open 3ms (cache hit)
npm http fetch GET 200 https://registry.npmjs.org/stream-buffers 30ms (cache miss)
npm http fetch GET 200 https://registry.npmjs.org/big-integer 30ms (cache miss)
npm http fetch GET 200 https://registry.npmjs.org/ansi-styles 30ms (cache miss)
npm http fetch GET 200 https://registry.npmjs.org/supports-color 29ms (cache miss)
npm http fetch GET 200 https://registry.npmjs.org/bytes 36ms (cache miss)
npm http fetch GET 200 https://registry.npmjs.org/compressible 36ms (cache miss)
npm http fetch GET 200 https://registry.npmjs.org/negotiator 10ms (cache hit)
npm http fetch GET 200 https://registry.npmjs.org/on-headers 31ms (cache miss)
npm http fetch GET 200 https://registry.npmjs.org/safe-buffer 28ms (cache miss)
npm http fetch GET 200 https://registry.npmjs.org/vary 27ms (cache miss)
npm http fetch GET 200 https://registry.npmjs.org/finalhandler 28ms (cache miss)
npm http fetch GET 200 https://registry.npmjs.org/parseurl 26ms (cache miss)
npm http fetch GET 200 https://registry.npmjs.org/utils-merge 30ms (cache miss)
npm http fetch GET 200 https://registry.npmjs.org/minipass 32ms (cache miss)
npm http fetch GET 200 https://registry.npmjs.org/jackspeak 30ms (cache miss)
npm http fetch GET 200 https://registry.npmjs.org/minimatch 3ms (cache hit)
npm http fetch GET 200 https://registry.npmjs.org/path-scurry 29ms (cache miss)
npm http fetch GET 200 https://registry.npmjs.org/foreground-child 26ms (cache miss)
npm http fetch GET 200 https://registry.npmjs.org/package-json-from-dist 29ms (cache miss)
npm http fetch GET 200 https://registry.npmjs.org/brace-expansion 24ms (cache miss)
npm http fetch GET 200 https://registry.npmjs.org/proc-log 29ms (cache miss)
npm http fetch GET 200 https://registry.npmjs.org/hosted-git-info 30ms (cache miss)
npm http fetch GET 200 https://registry.npmjs.org/validate-npm-package-name 33ms (cache miss)
npm http fetch GET 200 https://registry.npmjs.org/wcwidth 26ms (cache miss)
npm http fetch GET 200 https://registry.npmjs.org/cli-cursor 31ms (cache miss)
npm http fetch GET 200 https://registry.npmjs.org/strip-ansi 32ms (cache miss)
npm http fetch GET 200 https://registry.npmjs.org/log-symbols 47ms (cache miss)
npm http fetch GET 200 https://registry.npmjs.org/cli-spinners 29ms (cache miss)
npm http fetch GET 200 https://registry.npmjs.org/react-is 13ms (cache hit)
npm http fetch GET 200 https://registry.npmjs.org/ansi-styles 4ms (cache hit)
npm http fetch GET 200 https://registry.npmjs.org/@jest%2fschemas 45ms (cache miss)
npm http fetch GET 200 https://registry.npmjs.org/kleur 27ms (cache miss)
npm http fetch GET 200 https://registry.npmjs.org/sisteransi 28ms (cache miss)
npm http fetch GET 200 https://registry.npmjs.org/nested-error-stacks 32ms (cache miss)
npm http fetch GET 200 https://registry.npmjs.org/rc 26ms (cache miss)
npm http fetch GET 200 https://registry.npmjs.org/resolve 5ms (cache hit)
npm http fetch GET 200 https://registry.npmjs.org/is-core-module 27ms (cache miss)
npm http fetch GET 200 https://registry.npmjs.org/path-parse 28ms (cache miss)
npm http fetch GET 200 https://registry.npmjs.org/supports-preserve-symlinks-flag 31ms (cache miss)
npm http fetch GET 200 https://registry.npmjs.org/depd 28ms (cache miss)
npm http fetch GET 200 https://registry.npmjs.org/etag 29ms (cache miss)
npm http fetch GET 200 https://registry.npmjs.org/mime 28ms (cache miss)
npm http fetch GET 200 https://registry.npmjs.org/fresh 28ms (cache miss)
npm http fetch GET 200 https://registry.npmjs.org/destroy 27ms (cache miss)
npm http fetch GET 200 https://registry.npmjs.org/statuses 25ms (cache miss)
npm http fetch GET 200 https://registry.npmjs.org/encodeurl 44ms (cache miss)
npm http fetch GET 200 https://registry.npmjs.org/escape-html 37ms (cache miss)
npm http fetch GET 200 https://registry.npmjs.org/http-errors 24ms (cache miss)
npm http fetch GET 200 https://registry.npmjs.org/on-finished 31ms (cache miss)
npm http fetch GET 200 https://registry.npmjs.org/range-parser 26ms (cache miss)
npm http fetch GET 200 https://registry.npmjs.org/buffer-from 26ms (cache miss)
npm http fetch GET 200 https://registry.npmjs.org/source-map 32ms (cache miss)
npm http fetch GET 200 https://registry.npmjs.org/type-fest 50ms (cache miss)
npm http fetch GET 200 https://registry.npmjs.org/@isaacs%2ffs-minipass 44ms (cache miss)
npm http fetch GET 200 https://registry.npmjs.org/chownr 26ms (cache miss)
npm http fetch GET 200 https://registry.npmjs.org/minizlib 38ms (cache miss)
npm http fetch GET 200 https://registry.npmjs.org/mkdirp 38ms (cache miss)
npm http fetch GET 200 https://registry.npmjs.org/yallist 3ms (cache hit)
npm http fetch GET 200 https://registry.npmjs.org/ansi-escapes 28ms (cache miss)
npm http fetch GET 200 https://registry.npmjs.org/supports-hyperlinks 25ms (cache miss)
npm http fetch GET 200 https://registry.npmjs.org/string-width 27ms (cache miss)
npm http fetch GET 200 https://registry.npmjs.org/strip-ansi 3ms (cache hit)
npm http fetch GET 200 https://registry.npmjs.org/@babel%2fhighlight 35ms (cache miss)
npm http fetch GET 200 https://registry.npmjs.org/lines-and-columns 28ms (cache miss)
npm http fetch GET 200 https://registry.npmjs.org/mz 30ms (cache miss)
npm http fetch GET 200 https://registry.npmjs.org/pirates 28ms (cache miss)
npm http fetch GET 200 https://registry.npmjs.org/ts-interface-checker 35ms (cache miss)
npm http fetch GET 200 https://registry.npmjs.org/uuid 6ms (cache hit)
npm http fetch GET 200 https://registry.npmjs.org/simple-plist 27ms (cache miss)
npm http fetch GET 200 https://registry.npmjs.org/sax 40ms (cache miss)
npm http fetch GET 200 https://registry.npmjs.org/xmlbuilder 3ms (cache hit)
npm http fetch GET 200 https://registry.npmjs.org/locate-path 28ms (cache miss)
npm http fetch GET 200 https://registry.npmjs.org/path-exists 32ms (cache miss)
npm http fetch GET 200 https://registry.npmjs.org/yocto-queue 36ms (cache miss)
npm http fetch GET 200 https://registry.npmjs.org/pngjs 27ms (cache miss)
npm http fetch GET 200 https://registry.npmjs.org/crypto-random-string 28ms (cache miss)
npm http fetch GET 200 https://registry.npmjs.org/detect-libc 30ms (cache miss)
npm http fetch GET 200 https://registry.npmjs.org/lightningcss-darwin-x64 28ms (cache miss)
npm http fetch GET 200 https://registry.npmjs.org/lightningcss-freebsd-x64 34ms (cache miss)
npm http fetch GET 200 https://registry.npmjs.org/lightningcss-darwin-arm64 34ms (cache miss)
npm http fetch GET 200 https://registry.npmjs.org/lightningcss-linux-x64-gnu 28ms (cache miss)
npm http fetch GET 200 https://registry.npmjs.org/lightningcss-linux-x64-musl 30ms (cache miss)
npm http fetch GET 200 https://registry.npmjs.org/lightningcss-win32-x64-msvc 29ms (cache miss)
npm http fetch GET 200 https://registry.npmjs.org/lightningcss-linux-arm64-gnu 30ms (cache miss)
npm http fetch GET 200 https://registry.npmjs.org/lightningcss-linux-arm64-musl 26ms (cache miss)
npm http fetch GET 200 https://registry.npmjs.org/lightningcss-win32-arm64-msvc 25ms (cache miss)
npm http fetch GET 200 https://registry.npmjs.org/lightningcss-linux-arm-gnueabihf 58ms (cache miss)
npm http fetch GET 200 https://registry.npmjs.org/source-map-js 29ms (cache miss)
npm http fetch GET 200 https://registry.npmjs.org/which 61ms (cache miss)
npm http fetch GET 200 https://registry.npmjs.org/path-key 30ms (cache miss)
npm http fetch GET 200 https://registry.npmjs.org/shebang-command 29ms (cache miss)
npm http fetch GET 200 https://registry.npmjs.org/argparse 34ms (cache miss)
npm http fetch GET 200 https://registry.npmjs.org/is-wsl 25ms (cache miss)
npm http fetch GET 200 https://registry.npmjs.org/lighthouse-logger 25ms (cache miss)
npm http fetch GET 200 https://registry.npmjs.org/mkdirp 3ms (cache hit)
npm http fetch GET 200 https://registry.npmjs.org/rimraf 36ms (cache miss)
npm http fetch GET 200 https://registry.npmjs.org/ms 4ms (cache hit)
npm http fetch GET 200 https://registry.npmjs.org/loose-envify 25ms (cache miss)
npm http fetch GET 200 https://registry.npmjs.org/is-wsl 2ms (cache hit)
npm http fetch GET 200 https://registry.npmjs.org/is-docker 29ms (cache miss)
npm http fetch GET 200 https://registry.npmjs.org/send 3ms (cache hit)
npm http fetch GET 200 https://registry.npmjs.org/async-limiter 28ms (cache miss)
npm http fetch GET 200 https://registry.npmjs.org/mime-db 26ms (cache miss)
npm http fetch GET 200 https://registry.npmjs.org/@babel%2fhelper-plugin-utils 39ms (cache miss)
npm http fetch GET 200 https://registry.npmjs.org/@babel%2fplugin-syntax-decorators 37ms (cache miss)
npm http fetch GET 200 https://registry.npmjs.org/@babel%2fhelper-create-class-features-plugin 41ms (cache miss)
npm http fetch GET 200 https://registry.npmjs.org/@babel%2fplugin-syntax-flow 43ms (cache miss)
npm http fetch GET 200 https://registry.npmjs.org/@babel%2fplugin-transform-parameters 4ms (cache hit)
npm http fetch GET 200 https://registry.npmjs.org/@babel%2fplugin-transform-destructuring 41ms (cache miss)
npm http fetch GET 200 https://registry.npmjs.org/@babel%2fhelper-annotate-as-pure 39ms (cache miss)
npm http fetch GET 200 https://registry.npmjs.org/babel-plugin-polyfill-corejs2 28ms (cache miss)
npm http fetch GET 200 https://registry.npmjs.org/babel-plugin-polyfill-corejs3 32ms (cache miss)
npm http fetch GET 200 https://registry.npmjs.org/babel-plugin-polyfill-regenerator 33ms (cache miss)
npm http fetch GET 200 https://registry.npmjs.org/@babel%2fplugin-transform-react-jsx 40ms (cache miss)
npm http fetch GET 200 https://registry.npmjs.org/@babel%2fplugin-transform-react-display-name 33ms (cache miss)
npm http fetch GET 200 https://registry.npmjs.org/@babel%2fplugin-transform-react-jsx-development 40ms (cache miss)
npm http fetch GET 200 https://registry.npmjs.org/@babel%2fplugin-transform-react-pure-annotations 42ms (cache miss)
npm http fetch GET 200 https://registry.npmjs.org/@babel%2fplugin-syntax-jsx 36ms (cache miss)
npm http fetch GET 200 https://registry.npmjs.org/@babel%2fplugin-transform-typescript 38ms (cache miss)
npm http fetch GET 200 https://registry.npmjs.org/@babel%2fplugin-transform-for-of 44ms (cache miss)
npm http fetch GET 200 https://registry.npmjs.org/@babel%2fplugin-transform-spread 39ms (cache miss)
npm http fetch GET 200 https://registry.npmjs.org/@babel%2fplugin-transform-classes 3ms (cache hit)
npm http fetch GET 200 https://registry.npmjs.org/@babel%2fplugin-transform-literals 48ms (cache miss)
npm http fetch GET 200 https://registry.npmjs.org/@babel%2fplugin-transform-react-jsx 3ms (cache hit)
npm http fetch GET 200 https://registry.npmjs.org/@babel%2fplugin-transform-typescript 3ms (cache hit)
npm http fetch GET 200 https://registry.npmjs.org/@react-native%2fbabel-plugin-codegen 53ms (cache miss)
npm http fetch GET 200 https://registry.npmjs.org/@babel%2fplugin-syntax-dynamic-import 43ms (cache miss)
npm http fetch GET 200 https://registry.npmjs.org/@babel%2fplugin-transform-regenerator 54ms (cache miss)
npm http fetch GET 200 https://registry.npmjs.org/@babel%2fplugin-transform-sticky-regex 41ms (cache miss)
npm http fetch GET 200 https://registry.npmjs.org/@babel%2fplugin-transform-block-scoping 39ms (cache miss)
npm http fetch GET 200 https://registry.npmjs.org/@babel%2fplugin-transform-destructuring 3ms (cache hit)
npm http fetch GET 200 https://registry.npmjs.org/@babel%2fplugin-transform-function-name 41ms (cache miss)
npm http fetch GET 200 https://registry.npmjs.org/@babel%2fplugin-transform-unicode-regex 4ms (cache hit)
npm http fetch GET 200 https://registry.npmjs.org/@babel%2fplugin-syntax-optional-chaining 58ms (cache miss)
npm http fetch GET 200 https://registry.npmjs.org/@babel%2fplugin-transform-react-jsx-self 52ms (cache miss)
npm http fetch GET 200 https://registry.npmjs.org/@babel%2fplugin-transform-arrow-functions 3ms (cache hit)
npm http fetch GET 200 https://registry.npmjs.org/@babel%2fplugin-transform-class-properties 4ms (cache hit)
npm http fetch GET 200 https://registry.npmjs.org/@babel%2fplugin-transform-react-jsx-source 40ms (cache miss)
npm http fetch GET 200 https://registry.npmjs.org/@babel%2fplugin-transform-numeric-separator 35ms (cache miss)
npm http fetch GET 200 https://registry.npmjs.org/@babel%2fplugin-transform-optional-chaining 3ms (cache hit)
npm http fetch GET 200 https://registry.npmjs.org/@babel%2fplugin-transform-async-to-generator 38ms (cache miss)
npm http fetch GET 200 https://registry.npmjs.org/@babel%2fplugin-transform-react-display-name 3ms (cache hit)
npm http fetch GET 200 https://registry.npmjs.org/@babel%2fplugin-transform-computed-properties 38ms (cache miss)
npm http fetch GET 200 https://registry.npmjs.org/@babel%2fplugin-transform-shorthand-properties 3ms (cache hit)
npm http fetch GET 200 https://registry.npmjs.org/@babel%2fplugin-transform-optional-catch-binding 38ms (cache miss)
npm http fetch GET 200 https://registry.npmjs.org/@babel%2fplugin-syntax-nullish-coalescing-operator 40ms (cache miss)
npm http fetch GET 200 https://registry.npmjs.org/@babel%2fplugin-transform-async-generator-functions 35ms (cache miss)
npm http fetch GET 200 https://registry.npmjs.org/@babel%2fplugin-transform-nullish-coalescing-operator 2ms (cache hit)
npm http fetch GET 200 https://registry.npmjs.org/@babel%2fplugin-transform-logical-assignment-operators 35ms (cache miss)
npm http fetch GET 200 https://registry.npmjs.org/@babel%2fplugin-transform-named-capturing-groups-regex 38ms (cache miss)
npm http fetch GET 200 https://registry.npmjs.org/hermes-parser 31ms (cache miss)
npm http fetch GET 200 https://registry.npmjs.org/@babel%2fplugin-syntax-flow 3ms (cache hit)
npm http fetch GET 200 https://registry.npmjs.org/@babel%2fhelper-annotate-as-pure 55ms (cache hit)
npm http fetch GET 200 https://registry.npmjs.org/@babel%2fhelper-member-expression-to-functions 50ms (cache miss)
npm http fetch GET 200 https://registry.npmjs.org/@babel%2fhelper-optimise-call-expression 38ms (cache miss)
npm http fetch GET 200 https://registry.npmjs.org/@babel%2fhelper-replace-supers 41ms (cache miss)
npm http fetch GET 200 https://registry.npmjs.org/@babel%2fhelper-skip-transparent-expression-wrappers 48ms (cache miss)
npm http fetch GET 200 https://registry.npmjs.org/@babel%2fhelper-define-polyfill-provider 42ms (cache miss)
npm http fetch GET 200 https://registry.npmjs.org/core-js-compat 35ms (cache miss)
npm http fetch GET 200 https://registry.npmjs.org/@babel%2fplugin-syntax-typescript 41ms (cache miss)
npm http fetch GET 200 https://registry.npmjs.org/@babel%2fhelper-remap-async-to-generator 38ms (cache miss)
npm http fetch GET 200 https://registry.npmjs.org/@babel%2fhelper-create-regexp-features-plugin 35ms (cache miss)
npm http fetch GET 200 https://registry.npmjs.org/@babel%2fhelper-wrap-function 37ms (cache miss)
npm http fetch GET 200 https://registry.npmjs.org/regexpu-core 29ms (cache miss)
npm http fetch GET 200 https://registry.npmjs.org/regenerate 34ms (cache miss)
npm http fetch GET 200 https://registry.npmjs.org/regenerate-unicode-properties 28ms (cache miss)
npm http fetch GET 200 https://registry.npmjs.org/regjsgen 24ms (cache miss)
npm http fetch GET 200 https://registry.npmjs.org/regjsparser 31ms (cache miss)
npm http fetch GET 200 https://registry.npmjs.org/unicode-match-property-ecmascript 30ms (cache miss)
npm http fetch GET 200 https://registry.npmjs.org/unicode-match-property-value-ecmascript 29ms (cache miss)
npm http fetch GET 200 https://registry.npmjs.org/once 42ms (cache miss)
npm http fetch GET 200 https://registry.npmjs.org/inflight 28ms (cache miss)
npm http fetch GET 200 https://registry.npmjs.org/inherits 26ms (cache miss)
npm http fetch GET 200 https://registry.npmjs.org/fs.realpath 27ms (cache miss)
npm http fetch GET 200 https://registry.npmjs.org/path-is-absolute 23ms (cache miss)
npm http fetch GET 200 https://registry.npmjs.org/hermes-estree 25ms (cache miss)
npm http fetch GET 200 https://registry.npmjs.org/y18n 28ms (cache miss)
npm http fetch GET 200 https://registry.npmjs.org/cliui 32ms (cache miss)
npm http fetch GET 200 https://registry.npmjs.org/escalade 3ms (cache hit)
npm http fetch GET 200 https://registry.npmjs.org/string-width 2ms (cache hit)
npm http fetch GET 200 https://registry.npmjs.org/yargs-parser 31ms (cache miss)
npm http fetch GET 200 https://registry.npmjs.org/get-caller-file 29ms (cache miss)
npm http fetch GET 200 https://registry.npmjs.org/require-directory 28ms (cache miss)
npm http fetch GET 200 https://registry.npmjs.org/lodash.debounce 30ms (cache miss)
npm http fetch GET 200 https://registry.npmjs.org/is-docker 3ms (cache hit)
npm http fetch GET 200 https://registry.npmjs.org/define-lazy-prop 30ms (cache miss)
npm http fetch GET 200 https://registry.npmjs.org/has-flag 27ms (cache miss)
npm http fetch GET 200 https://registry.npmjs.org/marky 27ms (cache miss)
npm http fetch GET 200 https://registry.npmjs.org/mime-db 4ms (cache hit)
npm http fetch GET 200 https://registry.npmjs.org/unpipe 29ms (cache miss)
npm http fetch GET 200 https://registry.npmjs.org/statuses 4ms (cache hit)
npm http fetch GET 200 https://registry.npmjs.org/encodeurl 2ms (cache hit)
npm http fetch GET 200 https://registry.npmjs.org/on-finished 2ms (cache hit)
npm http fetch GET 200 https://registry.npmjs.org/shebang-regex 27ms (cache miss)
npm http fetch GET 200 https://registry.npmjs.org/isexe 28ms (cache miss)
npm http fetch GET 200 https://registry.npmjs.org/ee-first 27ms (cache miss)
npm http fetch GET 200 https://registry.npmjs.org/p-locate 46ms (cache miss)
npm http fetch GET 200 https://registry.npmjs.org/signal-exit 34ms (cache miss)
npm http fetch GET 200 https://registry.npmjs.org/@isaacs%2fcliui 45ms (cache miss)
npm http fetch GET 200 https://registry.npmjs.org/@pkgjs%2fparseargs 46ms (cache miss)
npm http fetch GET 200 https://registry.npmjs.org/lru-cache 3ms (cache hit)
npm http fetch GET 200 https://registry.npmjs.org/defer-to-connect 32ms (cache miss)
npm http fetch GET 200 https://registry.npmjs.org/@types%2fkeyv 41ms (cache miss)
npm http fetch GET 200 https://registry.npmjs.org/@types%2fhttp-cache-semantics 35ms (cache miss)
npm http fetch GET 200 https://registry.npmjs.org/keyv 27ms (cache miss)
npm http fetch GET 200 https://registry.npmjs.org/get-stream 26ms (cache miss)
npm http fetch GET 200 https://registry.npmjs.org/normalize-url 32ms (cache miss)
npm http fetch GET 200 https://registry.npmjs.org/clone-response 27ms (cache miss)
npm http fetch GET 200 https://registry.npmjs.org/http-cache-semantics 39ms (cache miss)
npm http fetch GET 200 https://registry.npmjs.org/mimic-response 29ms (cache miss)
npm http fetch GET 200 https://registry.npmjs.org/quick-lru 29ms (cache miss)
npm http fetch GET 200 https://registry.npmjs.org/resolve-alpn 39ms (cache miss)
npm http fetch GET 200 https://registry.npmjs.org/mimic-response 5ms (cache hit)
npm http fetch GET 200 https://registry.npmjs.org/pump 34ms (cache miss)
npm http fetch GET 200 https://registry.npmjs.org/json-buffer 32ms (cache miss)
npm http fetch GET 200 https://registry.npmjs.org/end-of-stream 29ms (cache miss)
npm http fetch GET 200 https://registry.npmjs.org/once 4ms (cache hit)
npm http fetch GET 200 https://registry.npmjs.org/wrap-ansi 9ms (cache hit)
npm http fetch GET 200 https://registry.npmjs.org/emoji-regex 28ms (cache miss)
npm http fetch GET 200 https://registry.npmjs.org/eastasianwidth 63ms (cache miss)
npm http fetch GET 200 https://registry.npmjs.org/emoji-regex 3ms (cache hit)
npm http fetch GET 200 https://registry.npmjs.org/is-fullwidth-code-point 31ms (cache miss)
npm http fetch GET 200 https://registry.npmjs.org/ansi-regex 4ms (cache hit)
npm http fetch GET 200 https://registry.npmjs.org/balanced-match 27ms (cache miss)
npm http fetch GET 200 https://registry.npmjs.org/supports-color 3ms (cache hit)
npm http fetch GET 200 https://registry.npmjs.org/escape-string-regexp 4ms (cache hit)
npm http fetch GET 200 https://registry.npmjs.org/restore-cursor 29ms (cache miss)
npm http fetch GET 200 https://registry.npmjs.org/defaults 33ms (cache miss)
npm http fetch GET 200 https://registry.npmjs.org/onetime 27ms (cache miss)
npm http fetch GET 200 https://registry.npmjs.org/signal-exit 3ms (cache hit)
npm http fetch GET 200 https://registry.npmjs.org/@sinclair%2ftypebox 57ms (cache miss)
npm http fetch GET 200 https://registry.npmjs.org/wrappy 30ms (cache miss)
npm http fetch GET 200 https://registry.npmjs.org/@jest%2ftypes 48ms (cache miss)
npm http fetch GET 200 https://registry.npmjs.org/metro 38ms (cache miss)
npm http fetch GET 200 https://registry.npmjs.org/metro-core 34ms (cache miss)
npm http fetch GET 200 https://registry.npmjs.org/metro-config 33ms (cache miss)
npm http fetch GET 200 https://registry.npmjs.org/event-target-shim 3ms (cache hit)
npm http fetch GET 200 https://registry.npmjs.org/graceful-fs 60ms (cache miss)
npm http fetch GET 200 https://registry.npmjs.org/@jest%2ftransform 69ms (cache miss)
npm http fetch GET 200 https://registry.npmjs.org/babel-preset-jest 30ms (cache miss)
npm http fetch GET 200 https://registry.npmjs.org/@types%2fbabel__core 38ms (cache miss)
npm http fetch GET 200 https://registry.npmjs.org/babel-plugin-istanbul 29ms (cache miss)
npm http fetch GET 200 https://registry.npmjs.org/jest-mock 36ms (cache miss)
npm http fetch GET 200 https://registry.npmjs.org/jest-util 35ms (cache miss)
npm http fetch GET 200 https://registry.npmjs.org/@jest%2fenvironment 54ms (cache miss)
npm http fetch GET 200 https://registry.npmjs.org/@jest%2ffake-timers 46ms (cache miss)
npm http fetch GET 200 https://registry.npmjs.org/ob1 30ms (cache miss)
npm http fetch GET 200 https://registry.npmjs.org/vlq 32ms (cache miss)
npm http fetch GET 200 https://registry.npmjs.org/source-map 4ms (cache hit)
npm http fetch GET 200 https://registry.npmjs.org/metro-symbolicate 38ms (cache miss)
npm http fetch GET 200 https://registry.npmjs.org/@babel%2ftraverse 9ms (cache hit)
npm http fetch GET 200 https://registry.npmjs.org/asap 33ms (cache miss)
npm http fetch GET 200 https://registry.npmjs.org/shell-quote 31ms (cache miss)
npm http fetch GET 200 https://registry.npmjs.org/@types%2fyargs 36ms (cache miss)
npm http fetch GET 200 https://registry.npmjs.org/@types%2fistanbul-reports 67ms (cache miss)
npm http fetch GET 200 https://registry.npmjs.org/@types%2fistanbul-lib-coverage 55ms (cache miss)
npm http fetch GET 200 https://registry.npmjs.org/@types%2fistanbul-lib-report 39ms (cache miss)
npm http fetch GET 200 https://registry.npmjs.org/@types%2fyargs-parser 36ms (cache miss)
npm http fetch GET 200 https://registry.npmjs.org/throat 50ms (cache miss)
npm http fetch GET 200 https://registry.npmjs.org/ci-info 2ms (cache hit)
npm http fetch GET 200 https://registry.npmjs.org/image-size 27ms (cache miss)
npm http fetch GET 200 https://registry.npmjs.org/metro-core 4ms (cache hit)
npm http fetch GET 200 https://registry.npmjs.org/graceful-fs 3ms (cache hit)
npm http fetch GET 200 https://registry.npmjs.org/jest-worker 33ms (cache miss)
npm http fetch GET 200 https://registry.npmjs.org/metro-cache 48ms (cache miss)
npm http fetch GET 200 https://registry.npmjs.org/metro-config 3ms (cache hit)
npm http fetch GET 200 https://registry.npmjs.org/hermes-parser 4ms (cache hit)
npm http fetch GET 200 https://registry.npmjs.org/metro-file-map 35ms (cache miss)
npm http fetch GET 200 https://registry.npmjs.org/metro-resolver 29ms (cache miss)
npm http fetch GET 200 https://registry.npmjs.org/lodash.throttle 27ms (cache miss)
npm http fetch GET 200 https://registry.npmjs.org/metro-cache-key 34ms (cache miss)
npm http fetch GET 200 https://registry.npmjs.org/serialize-error 37ms (cache miss)
npm http fetch GET 200 https://registry.npmjs.org/error-stack-parser 38ms (cache miss)
npm http fetch GET 200 https://registry.npmjs.org/metro-transform-worker 32ms (cache miss)
npm http fetch GET 200 https://registry.npmjs.org/metro-babel-transformer 29ms (cache miss)
npm http fetch GET 200 https://registry.npmjs.org/metro-transform-plugins 28ms (cache miss)
npm http fetch GET 200 https://registry.npmjs.org/cosmiconfig 62ms (cache miss)
npm http fetch GET 200 https://registry.npmjs.org/jest-validate 36ms (cache miss)
npm http fetch GET 200 https://registry.npmjs.org/pirates 3ms (cache hit)
npm http fetch GET 200 https://registry.npmjs.org/micromatch 34ms (cache miss)
npm http fetch GET 200 https://registry.npmjs.org/jest-haste-map 45ms (cache miss)
npm http fetch GET 200 https://registry.npmjs.org/jest-regex-util 32ms (cache miss)
npm http fetch GET 200 https://registry.npmjs.org/write-file-atomic 45ms (cache miss)
npm http fetch GET 200 https://registry.npmjs.org/fast-json-stable-stringify 29ms (cache miss)
npm http fetch GET 200 https://registry.npmjs.org/@types%2fbabel__template 35ms (cache miss)
npm http fetch GET 200 https://registry.npmjs.org/@types%2fbabel__traverse 48ms (cache miss)
npm http fetch GET 200 https://registry.npmjs.org/@types%2fbabel__generator 37ms (cache miss)
npm http fetch GET 200 https://registry.npmjs.org/test-exclude 28ms (cache miss)
npm http fetch GET 200 https://registry.npmjs.org/@istanbuljs%2fschema 77ms (cache miss)
npm http fetch GET 200 https://registry.npmjs.org/istanbul-lib-instrument 40ms (cache miss)
npm http fetch GET 200 https://registry.npmjs.org/@istanbuljs%2fload-nyc-config 41ms (cache miss)
npm http fetch GET 200 https://registry.npmjs.org/babel-plugin-jest-hoist 31ms (cache miss)
npm http fetch GET 200 https://registry.npmjs.org/babel-preset-current-node-syntax 29ms (cache miss)
npm http fetch GET 200 https://registry.npmjs.org/walker 30ms (cache miss)
npm http fetch GET 200 https://registry.npmjs.org/anymatch 29ms (cache miss)
npm http fetch GET 200 https://registry.npmjs.org/fb-watchman 28ms (cache miss)
npm http fetch GET 200 https://registry.npmjs.org/@types%2fgraceful-fs 48ms (cache miss)
npm http fetch GET 200 https://registry.npmjs.org/fsevents 103ms (cache miss)
npm http fetch GET 200 https://registry.npmjs.org/picomatch 3ms (cache hit)
npm http fetch GET 200 https://registry.npmjs.org/braces 30ms (cache miss)
npm http fetch GET 200 https://registry.npmjs.org/imurmurhash 30ms (cache miss)
npm http fetch GET 200 https://registry.npmjs.org/camelcase 32ms (cache miss)
npm http fetch GET 200 https://registry.npmjs.org/find-up 2ms (cache hit)
npm http fetch GET 200 https://registry.npmjs.org/get-package-type 26ms (cache miss)
npm http fetch GET 200 https://registry.npmjs.org/js-yaml 3ms (cache hit)
npm http fetch GET 200 https://registry.npmjs.org/istanbul-lib-coverage 25ms (cache miss)
npm http fetch GET 200 https://registry.npmjs.org/locate-path 2ms (cache hit)
npm http fetch GET 200 https://registry.npmjs.org/argparse 3ms (cache hit)
npm http fetch GET 200 https://registry.npmjs.org/esprima 30ms (cache miss)
npm http fetch GET 200 https://registry.npmjs.org/@babel%2fplugin-syntax-async-generators 43ms (cache miss)
npm http fetch GET 200 https://registry.npmjs.org/@babel%2fplugin-syntax-bigint 41ms (cache miss)
npm http fetch GET 200 https://registry.npmjs.org/@babel%2fplugin-syntax-class-properties 40ms (cache miss)
npm http fetch GET 200 https://registry.npmjs.org/@babel%2fplugin-syntax-class-static-block 49ms (cache miss)
npm http fetch GET 200 https://registry.npmjs.org/@babel%2fplugin-syntax-import-attributes 33ms (cache miss)
npm http fetch GET 200 https://registry.npmjs.org/@babel%2fplugin-syntax-import-meta 44ms (cache miss)
npm http fetch GET 200 https://registry.npmjs.org/@babel%2fplugin-syntax-json-strings 38ms (cache miss)
npm http fetch GET 200 https://registry.npmjs.org/@babel%2fplugin-syntax-logical-assignment-operators 45ms (cache miss)
npm http fetch GET 200 https://registry.npmjs.org/@babel%2fplugin-syntax-numeric-separator 36ms (cache miss)
npm http fetch GET 200 https://registry.npmjs.org/@babel%2fplugin-syntax-object-rest-spread 33ms (cache miss)
npm http fetch GET 200 https://registry.npmjs.org/@babel%2fplugin-syntax-optional-catch-binding 34ms (cache miss)
npm http fetch GET 200 https://registry.npmjs.org/@babel%2fplugin-syntax-private-property-in-object 39ms (cache miss)
npm http fetch GET 200 https://registry.npmjs.org/@babel%2fplugin-syntax-top-level-await 35ms (cache miss)
npm http fetch GET 200 https://registry.npmjs.org/jest-message-util 30ms (cache miss)
npm http fetch GET 200 https://registry.npmjs.org/@sinonjs%2ffake-timers 58ms (cache miss)
npm http fetch GET 200 https://registry.npmjs.org/@sinonjs%2fcommons 43ms (cache miss)
npm http fetch GET 200 https://registry.npmjs.org/stack-utils 31ms (cache miss)
npm http fetch GET 200 https://registry.npmjs.org/@types%2fstack-utils 51ms (cache miss)
npm http fetch GET 200 https://registry.npmjs.org/type-detect 26ms (cache miss)
npm http fetch GET 200 https://registry.npmjs.org/normalize-path 31ms (cache miss)
npm http fetch GET 200 https://registry.npmjs.org/bser 26ms (cache miss)
npm http fetch GET 200 https://registry.npmjs.org/merge-stream 29ms (cache miss)
npm http fetch GET 200 https://registry.npmjs.org/makeerror 25ms (cache miss)
npm http fetch GET 200 https://registry.npmjs.org/node-int64 28ms (cache miss)
npm http fetch GET 200 https://registry.npmjs.org/stackframe 27ms (cache miss)
npm http fetch GET 200 https://registry.npmjs.org/hermes-estree 3ms (cache hit)
npm http fetch GET 200 https://registry.npmjs.org/queue 26ms (cache miss)
npm http fetch GET 200 https://registry.npmjs.org/https-proxy-agent 25ms (cache miss)
npm http fetch GET 200 https://registry.npmjs.org/exponential-backoff 29ms (cache miss)
npm http fetch GET 200 https://registry.npmjs.org/metro-minify-terser 30ms (cache miss)
npm http fetch GET 200 https://registry.npmjs.org/inherits 4ms (cache hit)
npm http fetch GET 200 https://registry.npmjs.org/agent-base 28ms (cache miss)
npm http fetch GET 200 https://registry.npmjs.org/import-fresh 30ms (cache miss)
npm http fetch GET 200 https://registry.npmjs.org/is-directory 28ms (cache miss)
npm http fetch GET 200 https://registry.npmjs.org/parse-json 25ms (cache miss)
npm http fetch GET 200 https://registry.npmjs.org/leven 28ms (cache miss)
npm http fetch GET 200 https://registry.npmjs.org/camelcase 4ms (cache hit)
npm http fetch GET 200 https://registry.npmjs.org/jest-get-type 34ms (cache miss)
npm http fetch GET 200 https://registry.npmjs.org/caller-path 27ms (cache miss)
npm http fetch GET 200 https://registry.npmjs.org/resolve-from 2ms (cache hit)
npm http fetch GET 200 https://registry.npmjs.org/error-ex 101ms (cache miss)
npm http fetch GET 200 https://registry.npmjs.org/json-parse-better-errors 27ms (cache miss)
npm http fetch GET 200 https://registry.npmjs.org/caller-callsite 30ms (cache miss)
npm http fetch GET 200 https://registry.npmjs.org/callsites 31ms (cache miss)
npm http fetch GET 200 https://registry.npmjs.org/terser 39ms (cache miss)
npm http fetch GET 200 https://registry.npmjs.org/@jridgewell%2fsource-map 45ms (cache miss)
npm http fetch GET 200 https://registry.npmjs.org/acorn 30ms (cache miss)
npm http fetch GET 200 https://registry.npmjs.org/fill-range 30ms (cache miss)
npm http fetch GET 200 https://registry.npmjs.org/to-regex-range 26ms (cache miss)
npm http fetch GET 200 https://registry.npmjs.org/is-number 34ms (cache miss)
npm http fetch GET 200 https://registry.npmjs.org/is-arrayish 3ms (cache hit)
npm http fetch GET 200 https://registry.npmjs.org/@types%2fhammerjs 37ms (cache miss)
npm http fetch GET 200 https://registry.npmjs.org/react-is 32ms (cache hit)
npm http fetch GET 200 https://registry.npmjs.org/boolbase 65ms (cache miss)
npm http fetch GET 200 https://registry.npmjs.org/css-what 39ms (cache miss)
npm http fetch GET 200 https://registry.npmjs.org/domutils 33ms (cache miss)
npm http fetch GET 200 https://registry.npmjs.org/nth-check 26ms (cache miss)
npm http fetch GET 200 https://registry.npmjs.org/domhandler 26ms (cache miss)
npm http fetch GET 200 https://registry.npmjs.org/mdn-data 30ms (cache miss)
npm http fetch GET 200 https://registry.npmjs.org/domelementtype 30ms (cache miss)
npm http fetch GET 200 https://registry.npmjs.org/dom-serializer 35ms (cache miss)
npm http fetch GET 200 https://registry.npmjs.org/entities 32ms (cache miss)
npm http fetch GET 200 https://registry.npmjs.org/jsesc 5ms (cache hit)
npm http fetch GET 200 https://registry.npmjs.org/unicode-canonical-property-names-ecmascript 30ms (cache miss)
npm http fetch GET 200 https://registry.npmjs.org/unicode-property-aliases-ecmascript 26ms (cache miss)
npm http fetch GET 200 https://registry.npmjs.org/ini 27ms (cache miss)
npm http fetch GET 200 https://registry.npmjs.org/minimist 28ms (cache miss)
npm http fetch GET 200 https://registry.npmjs.org/deep-extend 28ms (cache miss)
npm http fetch GET 200 https://registry.npmjs.org/strip-json-comments 29ms (cache miss)
npm http fetch GET 200 https://registry.npmjs.org/path-parse 4ms (cache hit)
npm http fetch GET 200 https://registry.npmjs.org/hasown 32ms (cache miss)
npm http fetch GET 200 https://registry.npmjs.org/function-bind 28ms (cache miss)
npm http fetch GET 200 https://registry.npmjs.org/mimic-fn 31ms (cache miss)
npm http fetch GET 200 https://registry.npmjs.org/toidentifier 28ms (cache miss)
npm http fetch GET 200 https://registry.npmjs.org/setprototypeof 33ms (cache miss)
npm http fetch GET 200 https://registry.npmjs.org/any-promise 27ms (cache miss)
npm http fetch GET 200 https://registry.npmjs.org/object-assign 49ms (cache miss)
npm http fetch GET 200 https://registry.npmjs.org/thenify-all 27ms (cache miss)
npm http fetch GET 200 https://registry.npmjs.org/thenify 30ms (cache miss)
npm http fetch GET 200 https://registry.npmjs.org/type-fest 9ms (cache hit)
npm http fetch GET 200 https://registry.npmjs.org/brace-expansion 8ms (cache hit)
npm http fetch GET 200 https://registry.npmjs.org/tmpl 30ms (cache miss)
npm http fetch GET 200 https://registry.npmjs.org/clone 29ms (cache miss)
npm http fetch GET 200 https://registry.npmjs.org/ieee754 59ms (cache miss)
npm http fetch GET 200 https://registry.npmjs.org/bplist-parser 11ms (cache hit)
npm http fetch GET 200 https://registry.npmjs.org/plist 30ms (cache miss)
npm http fetch GET 200 https://registry.npmjs.org/color-convert 5ms (cache hit)
npm http fetch GET 200 https://registry.npmjs.org/has-flag 3ms (cache hit)
npm http fetch GET 200 https://registry.npmjs.org/p-locate 5ms (cache hit)
npm http fetch GET 200 https://registry.npmjs.org/sprintf-js 24ms (cache miss)
npm http fetch GET 200 https://registry.npmjs.org/p-limit 4ms (cache hit)
npm http fetch GET 200 https://registry.npmjs.org/p-try 28ms (cache miss)
npm http fetch GET 200 https://registry.npmjs.org/concat-map 29ms (cache miss)
npm http fetch GET 200 https://registry.npmjs.org/define-lazy-prop/-/define-lazy-prop-2.0.0.tgz 2024ms (cache miss)
npm http fetch GET 200 https://registry.npmjs.org/sax/-/sax-1.4.1.tgz 2071ms (cache miss)
npm http fetch GET 200 https://registry.npmjs.org/concat-map/-/concat-map-0.0.1.tgz 2190ms (cache miss)
npm http fetch GET 200 https://registry.npmjs.org/async-limiter/-/async-limiter-1.0.1.tgz 2267ms (cache miss)
npm http fetch GET 200 https://registry.npmjs.org/imurmurhash/-/imurmurhash-0.1.4.tgz 2379ms (cache miss)
npm http fetch GET 200 https://registry.npmjs.org/path-is-absolute/-/path-is-absolute-1.0.1.tgz 2479ms (cache miss)
npm http fetch GET 200 https://registry.npmjs.org/inflight/-/inflight-1.0.6.tgz 2479ms (cache miss)
npm warn deprecated inflight@1.0.6: This module is not supported, and leaks memory. Do not use it. Check out lru-cache if you want a good and tested way to coalesce async requests by a key value, which is much more comprehensive and powerful.
npm http fetch GET 200 https://registry.npmjs.org/fs.realpath/-/fs.realpath-1.0.0.tgz 2555ms (cache miss)
npm http fetch GET 200 https://registry.npmjs.org/p-try/-/p-try-2.2.0.tgz 2554ms (cache miss)
npm http fetch GET 200 https://registry.npmjs.org/ieee754/-/ieee754-1.2.1.tgz 2541ms (cache miss)
npm http fetch GET 200 https://registry.npmjs.org/tmpl/-/tmpl-1.0.5.tgz 2536ms (cache miss)
npm http fetch GET 200 https://registry.npmjs.org/defaults/-/defaults-1.0.4.tgz 2536ms (cache miss)
npm http fetch GET 200 https://registry.npmjs.org/require-directory/-/require-directory-2.1.1.tgz 2586ms (cache miss)
npm http fetch GET 200 https://registry.npmjs.org/webidl-conversions/-/webidl-conversions-3.0.1.tgz 2576ms (cache miss)
npm http fetch GET 200 https://registry.npmjs.org/get-caller-file/-/get-caller-file-2.0.5.tgz 2588ms (cache miss)
npm http fetch GET 200 https://registry.npmjs.org/makeerror/-/makeerror-1.0.12.tgz 2574ms (cache miss)
npm http fetch GET 200 https://registry.npmjs.org/crypto-random-string/-/crypto-random-string-2.0.0.tgz 2573ms (cache miss)
npm http fetch GET 200 https://registry.npmjs.org/cliui/-/cliui-8.0.1.tgz 2620ms (cache miss)
npm http fetch GET 200 https://registry.npmjs.org/clone/-/clone-1.0.4.tgz 2610ms (cache miss)
npm http fetch GET 200 https://registry.npmjs.org/unicode-canonical-property-names-ecmascript/-/unicode-canonical-property-names-ecmascript-2.0.1.tgz 2605ms (cache miss)
npm http fetch GET 200 https://registry.npmjs.org/thenify-all/-/thenify-all-1.6.0.tgz 2597ms (cache miss)
npm http fetch GET 200 https://registry.npmjs.org/isexe/-/isexe-2.0.0.tgz 2650ms (cache miss)
npm http fetch GET 200 https://registry.npmjs.org/thenify/-/thenify-3.3.1.tgz 2637ms (cache miss)
npm http fetch GET 200 https://registry.npmjs.org/supports-hyperlinks/-/supports-hyperlinks-2.3.0.tgz 2636ms (cache miss)
npm http fetch GET 200 https://registry.npmjs.org/is-number/-/is-number-7.0.0.tgz 2669ms (cache miss)
npm http fetch GET 200 https://registry.npmjs.org/has-flag/-/has-flag-4.0.0.tgz 2662ms (cache miss)
npm http fetch GET 200 https://registry.npmjs.org/eastasianwidth/-/eastasianwidth-0.2.0.tgz 2655ms (cache miss)
npm http fetch GET 200 https://registry.npmjs.org/punycode/-/punycode-2.3.1.tgz 2712ms (cache miss)
npm http fetch GET 200 https://registry.npmjs.org/unicode-property-aliases-ecmascript/-/unicode-property-aliases-ecmascript-2.1.0.tgz 2703ms (cache miss)
npm http fetch GET 200 https://registry.npmjs.org/object-assign/-/object-assign-4.1.1.tgz 2694ms (cache miss)
npm http fetch GET 200 https://registry.npmjs.org/lines-and-columns/-/lines-and-columns-1.2.4.tgz 2689ms (cache miss)
npm http fetch GET 200 https://registry.npmjs.org/is-fullwidth-code-point/-/is-fullwidth-code-point-3.0.0.tgz 2689ms (cache miss)
npm http fetch GET 200 https://registry.npmjs.org/shebang-regex/-/shebang-regex-3.0.0.tgz 2685ms (cache miss)
npm http fetch GET 200 https://registry.npmjs.org/range-parser/-/range-parser-1.2.1.tgz 2683ms (cache miss)
npm http fetch GET 200 https://registry.npmjs.org/@babel/highlight/-/highlight-7.25.9.tgz 2755ms (cache miss)
npm http fetch GET 200 https://registry.npmjs.org/ansi-escapes/-/ansi-escapes-4.3.2.tgz 2732ms (cache miss)
npm http fetch GET 200 https://registry.npmjs.org/mz/-/mz-2.7.0.tgz 2722ms (cache miss)
npm http fetch GET 200 https://registry.npmjs.org/toidentifier/-/toidentifier-1.0.1.tgz 2715ms (cache miss)
npm http fetch GET 200 https://registry.npmjs.org/buffer-from/-/buffer-from-1.1.2.tgz 2719ms (cache miss)
npm http fetch GET 200 https://registry.npmjs.org/onetime/-/onetime-2.0.1.tgz 2707ms (cache miss)
npm http fetch GET 200 https://registry.npmjs.org/hasown/-/hasown-2.0.2.tgz 2705ms (cache miss)
npm http fetch GET 200 https://registry.npmjs.org/path-parse/-/path-parse-1.0.7.tgz 2702ms (cache miss)
npm http fetch GET 200 https://registry.npmjs.org/escalade/-/escalade-3.2.0.tgz 2788ms (cache miss)
npm http fetch GET 200 https://registry.npmjs.org/setprototypeof/-/setprototypeof-1.2.0.tgz 2762ms (cache miss)
npm http fetch GET 200 https://registry.npmjs.org/fresh/-/fresh-0.5.2.tgz 2784ms (cache miss)
npm http fetch GET 200 https://registry.npmjs.org/mimic-fn/-/mimic-fn-1.2.0.tgz 2779ms (cache miss)
npm http fetch GET 200 https://registry.npmjs.org/etag/-/etag-1.8.1.tgz 2782ms (cache miss)
npm http fetch GET 200 https://registry.npmjs.org/strip-json-comments/-/strip-json-comments-2.0.1.tgz 2773ms (cache miss)
npm http fetch GET 200 https://registry.npmjs.org/nested-error-stacks/-/nested-error-stacks-2.0.1.tgz 2768ms (cache miss)
npm http fetch GET 200 https://registry.npmjs.org/regjsgen/-/regjsgen-0.8.0.tgz 2766ms (cache miss)
npm http fetch GET 200 https://registry.npmjs.org/simple-plist/-/simple-plist-1.3.1.tgz 2857ms (cache miss)
npm http fetch GET 200 https://registry.npmjs.org/tr46/-/tr46-0.0.3.tgz 2851ms (cache miss)
npm http fetch GET 200 https://registry.npmjs.org/destroy/-/destroy-1.2.0.tgz 2816ms (cache miss)
npm http fetch GET 200 https://registry.npmjs.org/unicode-match-property-ecmascript/-/unicode-match-property-ecmascript-2.0.0.tgz 2803ms (cache miss)
npm http fetch GET 200 https://registry.npmjs.org/y18n/-/y18n-5.0.8.tgz 2920ms (cache miss)
npm http fetch GET 200 https://registry.npmjs.org/chownr/-/chownr-3.0.0.tgz 2893ms (cache miss)
npm http fetch GET 200 https://registry.npmjs.org/http-errors/-/http-errors-2.0.0.tgz 2879ms (cache miss)
npm http fetch GET 200 https://registry.npmjs.org/supports-preserve-symlinks-flag/-/supports-preserve-symlinks-flag-1.0.0.tgz 2876ms (cache miss)
npm http fetch GET 200 https://registry.npmjs.org/ini/-/ini-1.3.8.tgz 2871ms (cache miss)
npm http fetch GET 200 https://registry.npmjs.org/deep-extend/-/deep-extend-0.6.0.tgz 2871ms (cache miss)
npm http fetch GET 200 https://registry.npmjs.org/boolbase/-/boolbase-1.0.0.tgz 2860ms (cache miss)
npm http fetch GET 200 https://registry.npmjs.org/inherits/-/inherits-2.0.4.tgz 2832ms (cache miss)
npm http fetch GET 200 https://registry.npmjs.org/unicode-match-property-value-ecmascript/-/unicode-match-property-value-ecmascript-2.2.0.tgz 2968ms (cache miss)
npm http fetch GET 200 https://registry.npmjs.org/@babel/plugin-transform-template-literals/-/plugin-transform-template-literals-7.27.1.tgz 2951ms (cache miss)
npm http fetch GET 200 https://registry.npmjs.org/metro-minify-terser/-/metro-minify-terser-0.82.5.tgz 2894ms (cache miss)
npm http fetch GET 200 https://registry.npmjs.org/vlq/-/vlq-1.0.1.tgz 2890ms (cache miss)
npm http fetch GET 200 https://registry.npmjs.org/json-parse-better-errors/-/json-parse-better-errors-1.0.2.tgz 2919ms (cache miss)
npm http fetch GET 200 https://registry.npmjs.org/is-arrayish/-/is-arrayish-0.2.1.tgz 2923ms (cache miss)
npm http fetch GET 200 https://registry.npmjs.org/error-ex/-/error-ex-1.3.2.tgz 2917ms (cache miss)
npm http fetch GET 200 https://registry.npmjs.org/regenerate/-/regenerate-1.4.2.tgz 3014ms (cache miss)
npm http fetch GET 200 https://registry.npmjs.org/domelementtype/-/domelementtype-2.3.0.tgz 3011ms (cache miss)
npm http fetch GET 200 https://registry.npmjs.org/hoist-non-react-statics/-/hoist-non-react-statics-3.3.2.tgz 2997ms (cache miss)
npm http fetch GET 200 https://registry.npmjs.org/ob1/-/ob1-0.82.5.tgz 2936ms (cache miss)
npm http fetch GET 200 https://registry.npmjs.org/to-regex-range/-/to-regex-range-5.0.1.tgz 2962ms (cache miss)
npm http fetch GET 200 https://registry.npmjs.org/jest-get-type/-/jest-get-type-29.6.3.tgz 2920ms (cache miss)
npm http fetch GET 200 https://registry.npmjs.org/leven/-/leven-3.1.0.tgz 2925ms (cache miss)
npm http fetch GET 200 https://registry.npmjs.org/@types/hammerjs/-/hammerjs-2.0.46.tgz 3041ms (cache miss)
npm http fetch GET 200 https://registry.npmjs.org/asap/-/asap-2.0.6.tgz 3019ms (cache miss)
npm http fetch GET 200 https://registry.npmjs.org/parse-json/-/parse-json-4.0.0.tgz 2949ms (cache miss)
npm http fetch GET 200 https://registry.npmjs.org/is-directory/-/is-directory-0.3.1.tgz 2949ms (cache miss)
npm http fetch GET 200 https://registry.npmjs.org/import-fresh/-/import-fresh-2.0.0.tgz 2948ms (cache miss)
npm http fetch GET 200 https://registry.npmjs.org/caller-callsite/-/caller-callsite-2.0.0.tgz 2953ms (cache miss)
npm http fetch GET 200 https://registry.npmjs.org/sprintf-js/-/sprintf-js-1.0.3.tgz 3176ms (cache miss)
npm http fetch GET 200 https://registry.npmjs.org/depd/-/depd-2.0.0.tgz 3122ms (cache miss)
npm http fetch GET 200 https://registry.npmjs.org/dom-serializer/-/dom-serializer-2.0.0.tgz 3106ms (cache miss)
npm http fetch GET 200 https://registry.npmjs.org/caller-path/-/caller-path-2.0.0.tgz 3000ms (cache miss)
npm http fetch GET 200 https://registry.npmjs.org/@jridgewell/source-map/-/source-map-0.3.11.tgz 3197ms (cache miss)
npm http fetch GET 200 https://registry.npmjs.org/react-freeze/-/react-freeze-1.0.4.tgz 3145ms (cache miss)
npm http fetch GET 200 https://registry.npmjs.org/fill-range/-/fill-range-7.1.1.tgz 3097ms (cache miss)
npm http fetch GET 200 https://registry.npmjs.org/callsites/-/callsites-2.0.0.tgz 3056ms (cache miss)
npm http fetch GET 200 https://registry.npmjs.org/queue/-/queue-6.0.2.tgz 3041ms (cache miss)
npm http fetch GET 200 https://registry.npmjs.org/throat/-/throat-5.0.0.tgz 3039ms (cache miss)
npm http fetch GET 200 https://registry.npmjs.org/serialize-error/-/serialize-error-2.1.0.tgz 3031ms (cache miss)
npm http fetch GET 200 https://registry.npmjs.org/metro-cache-key/-/metro-cache-key-0.82.5.tgz 3014ms (cache miss)
npm http fetch GET 200 https://registry.npmjs.org/stackframe/-/stackframe-1.3.4.tgz 3089ms (cache miss)
npm http fetch GET 200 https://registry.npmjs.org/metro-transform-worker/-/metro-transform-worker-0.82.5.tgz 3073ms (cache miss)
npm http fetch GET 200 https://registry.npmjs.org/error-stack-parser/-/error-stack-parser-2.1.4.tgz 3059ms (cache miss)
npm http fetch GET 200 https://registry.npmjs.org/metro-babel-transformer/-/metro-babel-transformer-0.82.5.tgz 3064ms (cache miss)
npm http fetch GET 200 https://registry.npmjs.org/merge-stream/-/merge-stream-2.0.0.tgz 3061ms (cache miss)
npm http fetch GET 200 https://registry.npmjs.org/rc/-/rc-1.2.8.tgz 3254ms (cache miss)
npm http fetch GET 200 https://registry.npmjs.org/normalize-path/-/normalize-path-3.0.0.tgz 3091ms (cache miss)
npm http fetch GET 200 https://registry.npmjs.org/bser/-/bser-2.1.1.tgz 3093ms (cache miss)
npm http fetch GET 200 https://registry.npmjs.org/@types/stack-utils/-/stack-utils-2.0.3.tgz 3103ms (cache miss)
npm http fetch GET 200 https://registry.npmjs.org/fb-watchman/-/fb-watchman-2.0.2.tgz 3095ms (cache miss)
npm http fetch GET 200 https://registry.npmjs.org/cosmiconfig/-/cosmiconfig-5.2.1.tgz 3185ms (cache miss)
npm http fetch GET 200 https://registry.npmjs.org/lodash.throttle/-/lodash.throttle-4.1.1.tgz 3154ms (cache miss)
npm http fetch GET 200 https://registry.npmjs.org/stack-utils/-/stack-utils-2.0.6.tgz 3148ms (cache miss)
npm http fetch GET 200 https://registry.npmjs.org/anymatch/-/anymatch-3.1.3.tgz 3138ms (cache miss)
npm http fetch GET 200 https://registry.npmjs.org/@types/graceful-fs/-/graceful-fs-4.1.9.tgz 3137ms (cache miss)
npm http fetch GET 200 https://registry.npmjs.org/buffer/-/buffer-5.7.1.tgz 3401ms (cache miss)
npm http fetch GET 200 https://registry.npmjs.org/jest-message-util/-/jest-message-util-29.7.0.tgz 3177ms (cache miss)
npm http fetch GET 200 https://registry.npmjs.org/@babel/plugin-syntax-top-level-await/-/plugin-syntax-top-level-await-7.14.5.tgz 3171ms (cache miss)
npm http fetch GET 200 https://registry.npmjs.org/@babel/plugin-syntax-object-rest-spread/-/plugin-syntax-object-rest-spread-7.8.3.tgz 3164ms (cache miss)
npm http fetch GET 200 https://registry.npmjs.org/emoji-regex/-/emoji-regex-9.2.2.tgz 3422ms (cache miss)
npm http fetch GET 200 https://registry.npmjs.org/https-proxy-agent/-/https-proxy-agent-7.0.6.tgz 3276ms (cache miss)
npm http fetch GET 200 https://registry.npmjs.org/agent-base/-/agent-base-7.1.4.tgz 3278ms (cache miss)
npm http fetch GET 200 https://registry.npmjs.org/node-int64/-/node-int64-0.4.0.tgz 3237ms (cache miss)
npm http fetch GET 200 https://registry.npmjs.org/walker/-/walker-1.0.8.tgz 3232ms (cache miss)
npm http fetch GET 200 https://registry.npmjs.org/@jest/environment/-/environment-29.7.0.tgz 3220ms (cache miss)
npm http fetch GET 200 https://registry.npmjs.org/@jest/fake-timers/-/fake-timers-29.7.0.tgz 3222ms (cache miss)
npm http fetch GET 200 https://registry.npmjs.org/@babel/plugin-syntax-optional-catch-binding/-/plugin-syntax-optional-catch-binding-7.8.3.tgz 3217ms (cache miss)
npm http fetch GET 200 https://registry.npmjs.org/@babel/plugin-syntax-numeric-separator/-/plugin-syntax-numeric-separator-7.10.4.tgz 3213ms (cache miss)
npm http fetch GET 200 https://registry.npmjs.org/yargs-parser/-/yargs-parser-21.1.1.tgz 3501ms (cache miss)
npm http fetch GET 200 https://registry.npmjs.org/type-fest/-/type-fest-0.7.1.tgz 3465ms (cache miss)
npm http fetch GET 200 https://registry.npmjs.org/is-core-module/-/is-core-module-2.16.1.tgz 3447ms (cache miss)
npm http fetch GET 200 https://registry.npmjs.org/jest-validate/-/jest-validate-29.7.0.tgz 3325ms (cache miss)
npm http fetch GET 200 https://registry.npmjs.org/type-detect/-/type-detect-4.0.8.tgz 3273ms (cache miss)
npm http fetch GET 200 https://registry.npmjs.org/istanbul-lib-coverage/-/istanbul-lib-coverage-3.2.2.tgz 3262ms (cache miss)
npm http fetch GET 200 https://registry.npmjs.org/@babel/plugin-syntax-class-static-block/-/plugin-syntax-class-static-block-7.14.5.tgz 3253ms (cache miss)
npm http fetch GET 200 https://registry.npmjs.org/@babel/plugin-syntax-private-property-in-object/-/plugin-syntax-private-property-in-object-7.14.5.tgz 3262ms (cache miss)
npm http fetch GET 200 https://registry.npmjs.org/@babel/plugin-syntax-import-meta/-/plugin-syntax-import-meta-7.10.4.tgz 3255ms (cache miss)
npm http fetch GET 200 https://registry.npmjs.org/@babel/plugin-syntax-logical-assignment-operators/-/plugin-syntax-logical-assignment-operators-7.10.4.tgz 3256ms (cache miss)
npm http fetch GET 200 https://registry.npmjs.org/@babel/plugin-syntax-import-attributes/-/plugin-syntax-import-attributes-7.27.1.tgz 3254ms (cache miss)
npm http fetch GET 200 https://registry.npmjs.org/@babel/plugin-syntax-json-strings/-/plugin-syntax-json-strings-7.8.3.tgz 3256ms (cache miss)
npm http fetch GET 200 https://registry.npmjs.org/babel-preset-current-node-syntax/-/babel-preset-current-node-syntax-1.2.0.tgz 3249ms (cache miss)
npm http fetch GET 200 https://registry.npmjs.org/@babel/plugin-syntax-bigint/-/plugin-syntax-bigint-7.8.3.tgz 3251ms (cache miss)
npm http fetch GET 200 https://registry.npmjs.org/camelcase/-/camelcase-5.3.1.tgz 3249ms (cache miss)
npm http fetch GET 200 https://registry.npmjs.org/@babel/plugin-syntax-class-properties/-/plugin-syntax-class-properties-7.12.13.tgz 3255ms (cache miss)
npm http fetch GET 200 https://registry.npmjs.org/@babel/plugin-syntax-async-generators/-/plugin-syntax-async-generators-7.8.4.tgz 3252ms (cache miss)
npm http fetch GET 200 https://registry.npmjs.org/function-bind/-/function-bind-1.1.2.tgz 3554ms (cache miss)
npm http fetch GET 200 https://registry.npmjs.org/jest-mock/-/jest-mock-29.7.0.tgz 3379ms (cache miss)
npm http fetch GET 200 https://registry.npmjs.org/babel-plugin-jest-hoist/-/babel-plugin-jest-hoist-29.6.3.tgz 3361ms (cache miss)
npm http fetch GET 200 https://registry.npmjs.org/@istanbuljs/schema/-/schema-0.1.3.tgz 3357ms (cache miss)
npm http fetch GET 200 https://registry.npmjs.org/minimist/-/minimist-1.2.8.tgz 3694ms (cache miss)
npm http fetch GET 200 https://registry.npmjs.org/get-package-type/-/get-package-type-0.1.0.tgz 3494ms (cache miss)
npm http fetch GET 200 https://registry.npmjs.org/jest-regex-util/-/jest-regex-util-29.6.3.tgz 3483ms (cache miss)
npm http fetch GET 200 https://registry.npmjs.org/@types/babel__traverse/-/babel__traverse-7.28.0.tgz 3541ms (cache miss)
npm http fetch GET 200 https://registry.npmjs.org/write-file-atomic/-/write-file-atomic-4.0.2.tgz 3541ms (cache miss)
npm http fetch GET 200 https://registry.npmjs.org/pirates/-/pirates-4.0.7.tgz 3541ms (cache miss)
npm http fetch GET 200 https://registry.npmjs.org/@types/babel__generator/-/babel__generator-7.27.0.tgz 3545ms (cache miss)
npm http fetch GET 200 https://registry.npmjs.org/@types/babel__template/-/babel__template-7.4.4.tgz 3551ms (cache miss)
npm http fetch GET 200 https://registry.npmjs.org/babel-preset-jest/-/babel-preset-jest-29.6.3.tgz 3543ms (cache miss)
npm http fetch GET 200 https://registry.npmjs.org/@types/babel__core/-/babel__core-7.20.5.tgz 3541ms (cache miss)
npm http fetch GET 200 https://registry.npmjs.org/ts-interface-checker/-/ts-interface-checker-0.1.13.tgz 3853ms (cache miss)
npm http fetch GET 200 https://registry.npmjs.org/braces/-/braces-3.0.3.tgz 3758ms (cache miss)
npm http fetch GET 200 https://registry.npmjs.org/test-exclude/-/test-exclude-6.0.0.tgz 3633ms (cache miss)
npm http fetch GET 200 https://registry.npmjs.org/babel-plugin-istanbul/-/babel-plugin-istanbul-6.1.1.tgz 3624ms (cache miss)
npm http fetch GET 200 https://registry.npmjs.org/@jest/transform/-/transform-29.7.0.tgz 3620ms (cache miss)
npm http fetch GET 200 https://registry.npmjs.org/@types/yargs-parser/-/yargs-parser-21.0.3.tgz 3620ms (cache miss)
npm http fetch GET 200 https://registry.npmjs.org/@types/istanbul-lib-report/-/istanbul-lib-report-3.0.3.tgz 3620ms (cache miss)
npm http fetch GET 200 https://registry.npmjs.org/@types/istanbul-reports/-/istanbul-reports-3.0.4.tgz 3616ms (cache miss)
npm http fetch GET 200 https://registry.npmjs.org/@types/yargs/-/yargs-17.0.33.tgz 3618ms (cache miss)
npm http fetch GET 200 https://registry.npmjs.org/@types/istanbul-lib-coverage/-/istanbul-lib-coverage-2.0.6.tgz 3615ms (cache miss)
npm http fetch GET 200 https://registry.npmjs.org/minizlib/-/minizlib-3.0.2.tgz 3930ms (cache miss)
npm http fetch GET 200 https://registry.npmjs.org/@isaacs/fs-minipass/-/fs-minipass-4.0.1.tgz 3930ms (cache miss)
npm http fetch GET 200 https://registry.npmjs.org/regjsparser/-/regjsparser-0.12.0.tgz 3894ms (cache miss)
npm http fetch GET 200 https://registry.npmjs.org/@sinonjs/fake-timers/-/fake-timers-10.3.0.tgz 3723ms (cache miss)
npm http fetch GET 200 https://registry.npmjs.org/micromatch/-/micromatch-4.0.8.tgz 3691ms (cache miss)
npm http fetch GET 200 https://registry.npmjs.org/@istanbuljs/load-nyc-config/-/load-nyc-config-1.1.0.tgz 3695ms (cache miss)
npm http fetch GET 200 https://registry.npmjs.org/graceful-fs/-/graceful-fs-4.2.11.tgz 3687ms (cache miss)
npm http fetch GET 200 https://registry.npmjs.org/whatwg-fetch/-/whatwg-fetch-3.6.20.tgz 3675ms (cache miss)
npm http fetch GET 200 https://registry.npmjs.org/jest-environment-node/-/jest-environment-node-29.7.0.tgz 3667ms (cache miss)
npm http fetch GET 200 https://registry.npmjs.org/promise/-/promise-8.3.0.tgz 3671ms (cache miss)
npm http fetch GET 200 https://registry.npmjs.org/shell-quote/-/shell-quote-1.8.3.tgz 3904ms (cache miss)
npm http fetch GET 200 https://registry.npmjs.org/metro-symbolicate/-/metro-symbolicate-0.82.5.tgz 3795ms (cache miss)
npm http fetch GET 200 https://registry.npmjs.org/@jest/types/-/types-29.6.3.tgz 3719ms (cache miss)
npm http fetch GET 200 https://registry.npmjs.org/ansi-regex/-/ansi-regex-5.0.1.tgz 3708ms (cache miss)
npm http fetch GET 200 https://registry.npmjs.org/any-promise/-/any-promise-1.3.0.tgz 4024ms (cache miss)
npm http fetch GET 200 https://registry.npmjs.org/memoize-one/-/memoize-one-5.2.1.tgz 3763ms (cache miss)
npm http fetch GET 200 https://registry.npmjs.org/regenerator-runtime/-/regenerator-runtime-0.13.11.tgz 3769ms (cache miss)
npm http fetch GET 200 https://registry.npmjs.org/flow-enums-runtime/-/flow-enums-runtime-0.0.6.tgz 3763ms (cache miss)
npm http fetch GET 200 https://registry.npmjs.org/babel-jest/-/babel-jest-29.7.0.tgz 3763ms (cache miss)
npm http fetch GET 200 https://registry.npmjs.org/strict-uri-encode/-/strict-uri-encode-2.0.0.tgz 3753ms (cache miss)
npm http fetch GET 200 https://registry.npmjs.org/split-on-first/-/split-on-first-1.1.0.tgz 3753ms (cache miss)
npm http fetch GET 200 https://registry.npmjs.org/@react-native/js-polyfills/-/js-polyfills-0.79.6.tgz 3759ms (cache miss)
npm http fetch GET 200 https://registry.npmjs.org/@jest/create-cache-key-function/-/create-cache-key-function-29.7.0.tgz 3756ms (cache miss)
npm http fetch GET 200 https://registry.npmjs.org/mime/-/mime-1.6.0.tgz 4057ms (cache miss)
npm http fetch GET 200 https://registry.npmjs.org/anser/-/anser-1.4.10.tgz 3803ms (cache miss)
npm http fetch GET 200 https://registry.npmjs.org/decode-uri-component/-/decode-uri-component-0.2.2.tgz 3795ms (cache miss)
npm http fetch GET 200 https://registry.npmjs.org/wrappy/-/wrappy-1.0.2.tgz 3795ms (cache miss)
npm http fetch GET 200 https://registry.npmjs.org/filter-obj/-/filter-obj-1.1.0.tgz 3797ms (cache miss)
npm http fetch GET 200 https://registry.npmjs.org/@react-native/assets-registry/-/assets-registry-0.79.6.tgz 3799ms (cache miss)
npm http fetch GET 200 https://registry.npmjs.org/once/-/once-1.4.0.tgz 3796ms (cache miss)
npm http fetch GET 200 https://registry.npmjs.org/end-of-stream/-/end-of-stream-1.4.5.tgz 3793ms (cache miss)
npm http fetch GET 200 https://registry.npmjs.org/kleur/-/kleur-3.0.3.tgz 3838ms (cache miss)
npm http fetch GET 200 https://registry.npmjs.org/yocto-queue/-/yocto-queue-0.1.0.tgz 3834ms (cache miss)
npm http fetch GET 200 https://registry.npmjs.org/@jest/schemas/-/schemas-29.6.3.tgz 3837ms (cache miss)
npm http fetch GET 200 https://registry.npmjs.org/domhandler/-/domhandler-5.0.3.tgz 4115ms (cache miss)
npm http fetch GET 200 https://registry.npmjs.org/sisteransi/-/sisteransi-1.0.5.tgz 3879ms (cache miss)
npm http fetch GET 200 https://registry.npmjs.org/wcwidth/-/wcwidth-1.0.1.tgz 3870ms (cache miss)
npm http fetch GET 200 https://registry.npmjs.org/restore-cursor/-/restore-cursor-2.0.0.tgz 3871ms (cache miss)
npm http fetch GET 200 https://registry.npmjs.org/log-symbols/-/log-symbols-2.2.0.tgz 3871ms (cache miss)
npm http fetch GET 200 https://registry.npmjs.org/validate-npm-package-name/-/validate-npm-package-name-5.0.1.tgz 3868ms (cache miss)
npm http fetch GET 200 https://registry.npmjs.org/cli-cursor/-/cli-cursor-2.1.0.tgz 3869ms (cache miss)
npm http fetch GET 200 https://registry.npmjs.org/fast-json-stable-stringify/-/fast-json-stable-stringify-2.1.0.tgz 3964ms (cache miss)
npm http fetch GET 200 https://registry.npmjs.org/hosted-git-info/-/hosted-git-info-7.0.2.tgz 3910ms (cache miss)
npm http fetch GET 200 https://registry.npmjs.org/balanced-match/-/balanced-match-1.0.2.tgz 3909ms (cache miss)
npm http fetch GET 200 https://registry.npmjs.org/yallist/-/yallist-3.1.1.tgz 3908ms (cache miss)
npm http fetch GET 200 https://registry.npmjs.org/proc-log/-/proc-log-4.2.0.tgz 3911ms (cache miss)
npm http fetch GET 200 https://registry.npmjs.org/detect-libc/-/detect-libc-1.0.3.tgz 3907ms (cache miss)
npm http fetch GET 200 https://registry.npmjs.org/cli-spinners/-/cli-spinners-2.9.2.tgz 4075ms (cache miss)
npm http fetch GET 200 https://registry.npmjs.org/ee-first/-/ee-first-1.1.1.tgz 4073ms (cache miss)
npm http fetch GET 200 https://registry.npmjs.org/brace-expansion/-/brace-expansion-2.0.2.tgz 4068ms (cache miss)
npm http fetch GET 200 https://registry.npmjs.org/strip-ansi/-/strip-ansi-7.1.0.tgz 4063ms (cache miss)
npm http fetch GET 200 https://registry.npmjs.org/json-buffer/-/json-buffer-3.0.1.tgz 4065ms (cache miss)
npm http fetch GET 200 https://registry.npmjs.org/strip-ansi/-/strip-ansi-6.0.1.tgz 4064ms (cache miss)
npm http fetch GET 200 https://registry.npmjs.org/string-width/-/string-width-4.2.3.tgz 4068ms (cache miss)
npm http fetch GET 200 https://registry.npmjs.org/istanbul-lib-instrument/-/istanbul-lib-instrument-5.2.1.tgz 4215ms (cache miss)
npm http fetch GET 200 https://registry.npmjs.org/p-locate/-/p-locate-5.0.0.tgz 4148ms (cache miss)
npm http fetch GET 200 https://registry.npmjs.org/wrap-ansi/-/wrap-ansi-7.0.0.tgz 4143ms (cache miss)
npm http fetch GET 200 https://registry.npmjs.org/loose-envify/-/loose-envify-1.4.0.tgz 4128ms (cache miss)
npm http fetch GET 200 https://registry.npmjs.org/is-docker/-/is-docker-2.2.1.tgz 4136ms (cache miss)
npm http fetch GET 200 https://registry.npmjs.org/resolve-alpn/-/resolve-alpn-1.2.1.tgz 4120ms (cache miss)
npm http fetch GET 200 https://registry.npmjs.org/@isaacs/cliui/-/cliui-8.0.2.tgz 4142ms (cache miss)
npm http fetch GET 200 https://registry.npmjs.org/quick-lru/-/quick-lru-5.1.1.tgz 4114ms (cache miss)
npm http fetch GET 200 https://registry.npmjs.org/pump/-/pump-3.0.3.tgz 4098ms (cache miss)
npm http fetch GET 200 https://registry.npmjs.org/mimic-response/-/mimic-response-1.0.1.tgz 4090ms (cache miss)
npm http fetch GET 200 https://registry.npmjs.org/nth-check/-/nth-check-2.1.1.tgz 4447ms (cache miss)
npm http fetch GET 200 https://registry.npmjs.org/css-what/-/css-what-6.2.2.tgz 4446ms (cache miss)
npm http fetch GET 200 https://registry.npmjs.org/metro-core/-/metro-core-0.82.5.tgz 4240ms (cache miss)
npm http fetch GET 200 https://registry.npmjs.org/abort-controller/-/abort-controller-3.0.0.tgz 4222ms (cache miss)
npm http fetch GET 200 https://registry.npmjs.org/string-width/-/string-width-5.1.2.tgz 4182ms (cache miss)
npm http fetch GET 200 https://registry.npmjs.org/get-stream/-/get-stream-5.2.0.tgz 4095ms (cache miss)
npm http fetch GET 200 https://registry.npmjs.org/normalize-url/-/normalize-url-6.1.0.tgz 4115ms (cache miss)
npm http fetch GET 200 https://registry.npmjs.org/http-cache-semantics/-/http-cache-semantics-4.2.0.tgz 4100ms (cache miss)
npm http fetch GET 200 https://registry.npmjs.org/clone-response/-/clone-response-1.0.3.tgz 4092ms (cache miss)
npm http fetch GET 200 https://registry.npmjs.org/@types/http-cache-semantics/-/http-cache-semantics-4.0.4.tgz 4083ms (cache miss)
npm http fetch GET 200 https://registry.npmjs.org/@types/keyv/-/keyv-3.1.4.tgz 4086ms (cache miss)
npm http fetch GET 200 https://registry.npmjs.org/metro-config/-/metro-config-0.82.5.tgz 4309ms (cache miss)
npm http fetch GET 200 https://registry.npmjs.org/marky/-/marky-1.3.0.tgz 4257ms (cache miss)
npm http fetch GET 200 https://registry.npmjs.org/lowercase-keys/-/lowercase-keys-2.0.0.tgz 4145ms (cache miss)
npm http fetch GET 200 https://registry.npmjs.org/defer-to-connect/-/defer-to-connect-2.0.1.tgz 4149ms (cache miss)
npm http fetch GET 200 https://registry.npmjs.org/responselike/-/responselike-2.0.1.tgz 4148ms (cache miss)
npm http fetch GET 200 https://registry.npmjs.org/keyv/-/keyv-4.5.4.tgz 4209ms (cache miss)
npm http fetch GET 200 https://registry.npmjs.org/cacheable-lookup/-/cacheable-lookup-5.0.4.tgz 4180ms (cache miss)
npm http fetch GET 200 https://registry.npmjs.org/foreground-child/-/foreground-child-3.3.1.tgz 4158ms (cache miss)
npm http fetch GET 200 https://registry.npmjs.org/locate-path/-/locate-path-6.0.0.tgz 4157ms (cache miss)
npm http fetch GET 200 https://registry.npmjs.org/path-exists/-/path-exists-4.0.0.tgz 4159ms (cache miss)
npm http fetch GET 200 https://registry.npmjs.org/cacheable-request/-/cacheable-request-7.0.4.tgz 4184ms (cache miss)
npm http fetch GET 200 https://registry.npmjs.org/@types/responselike/-/responselike-1.0.3.tgz 4183ms (cache miss)
npm http fetch GET 200 https://registry.npmjs.org/@szmarczak/http-timer/-/http-timer-4.0.6.tgz 4182ms (cache miss)
npm http fetch GET 200 https://registry.npmjs.org/package-json-from-dist/-/package-json-from-dist-1.0.1.tgz 4174ms (cache miss)
npm http fetch GET 200 https://registry.npmjs.org/@types/cacheable-request/-/cacheable-request-6.0.3.tgz 4184ms (cache miss)
npm http fetch GET 200 https://registry.npmjs.org/@sindresorhus/is/-/is-4.6.0.tgz 4183ms (cache miss)
npm http fetch GET 200 https://registry.npmjs.org/scheduler/-/scheduler-0.25.0.tgz 4400ms (cache miss)
npm http fetch GET 200 https://registry.npmjs.org/event-target-shim/-/event-target-shim-5.0.1.tgz 4393ms (cache miss)
npm http fetch GET 200 https://registry.npmjs.org/decompress-response/-/decompress-response-6.0.0.tgz 4241ms (cache miss)
npm http fetch GET 200 https://registry.npmjs.org/p-cancelable/-/p-cancelable-2.1.1.tgz 4244ms (cache miss)
npm http fetch GET 200 https://registry.npmjs.org/on-finished/-/on-finished-2.3.0.tgz 4213ms (cache miss)
npm http fetch GET 200 https://registry.npmjs.org/escape-html/-/escape-html-1.0.3.tgz 4214ms (cache miss)
npm http fetch GET 200 https://registry.npmjs.org/encodeurl/-/encodeurl-1.0.2.tgz 4213ms (cache miss)
npm http fetch GET 200 https://registry.npmjs.org/expo-image-loader/-/expo-image-loader-5.1.0.tgz 4210ms (cache miss)
npm http fetch GET 200 https://registry.npmjs.org/statuses/-/statuses-1.5.0.tgz 4217ms (cache miss)
npm http fetch GET 200 https://registry.npmjs.org/metro-transform-plugins/-/metro-transform-plugins-0.82.5.tgz 4525ms (cache miss)
npm http fetch GET 200 https://registry.npmjs.org/metro-cache/-/metro-cache-0.82.5.tgz 4521ms (cache miss)
npm http fetch GET 200 https://registry.npmjs.org/argparse/-/argparse-2.0.1.tgz 4398ms (cache miss)
npm http fetch GET 200 https://registry.npmjs.org/unpipe/-/unpipe-1.0.0.tgz 4262ms (cache miss)
npm http fetch GET 200 https://registry.npmjs.org/finalhandler/-/finalhandler-1.1.2.tgz 4248ms (cache miss)
npm http fetch GET 200 https://registry.npmjs.org/shebang-command/-/shebang-command-2.0.0.tgz 4253ms (cache miss)
npm http fetch GET 200 https://registry.npmjs.org/parseurl/-/parseurl-1.3.3.tgz 4249ms (cache miss)
npm http fetch GET 200 https://registry.npmjs.org/path-key/-/path-key-3.1.1.tgz 4251ms (cache miss)
npm http fetch GET 200 https://registry.npmjs.org/utils-merge/-/utils-merge-1.0.1.tgz 4251ms (cache miss)
npm http fetch GET 200 https://registry.npmjs.org/react-native-is-edge-to-edge/-/react-native-is-edge-to-edge-1.2.1.tgz 4306ms (cache miss)
npm http fetch GET 200 https://registry.npmjs.org/which/-/which-2.0.2.tgz 4304ms (cache miss)
npm http fetch GET 200 https://registry.npmjs.org/lighthouse-logger/-/lighthouse-logger-1.4.2.tgz 4290ms (cache miss)
npm http fetch GET 200 https://registry.npmjs.org/is-wsl/-/is-wsl-2.2.0.tgz 4289ms (cache miss)
npm http fetch GET 200 https://registry.npmjs.org/supports-color/-/supports-color-7.2.0.tgz 4290ms (cache miss)
npm http fetch GET 200 https://registry.npmjs.org/ansi-styles/-/ansi-styles-4.3.0.tgz 4289ms (cache miss)
npm http fetch GET 200 https://registry.npmjs.org/on-headers/-/on-headers-1.1.0.tgz 4298ms (cache miss)
npm http fetch GET 200 https://registry.npmjs.org/vary/-/vary-1.1.2.tgz 4299ms (cache miss)
npm http fetch GET 200 https://registry.npmjs.org/compressible/-/compressible-2.0.18.tgz 4297ms (cache miss)
npm http fetch GET 200 https://registry.npmjs.org/mkdirp/-/mkdirp-1.0.4.tgz 4294ms (cache miss)
npm http fetch GET 200 https://registry.npmjs.org/rimraf/-/rimraf-3.0.2.tgz 4295ms (cache miss)
npm warn deprecated rimraf@3.0.2: Rimraf versions prior to v4 are no longer supported
npm http fetch GET 200 https://registry.npmjs.org/bytes/-/bytes-3.1.2.tgz 4298ms (cache miss)
npm http fetch GET 200 https://registry.npmjs.org/fontfaceobserver/-/fontfaceobserver-2.3.0.tgz 4353ms (cache miss)
npm http fetch GET 200 https://registry.npmjs.org/lodash.debounce/-/lodash.debounce-4.0.8.tgz 4335ms (cache miss)
npm http fetch GET 200 https://registry.npmjs.org/@babel/helper-create-regexp-features-plugin/-/helper-create-regexp-features-plugin-7.27.1.tgz 4384ms (cache miss)
npm http fetch GET 200 https://registry.npmjs.org/@babel/helper-remap-async-to-generator/-/helper-remap-async-to-generator-7.27.1.tgz 4384ms (cache miss)
npm http fetch GET 200 https://registry.npmjs.org/@react-native/babel-plugin-codegen/-/babel-plugin-codegen-0.79.6.tgz 4383ms (cache miss)
npm http fetch GET 200 https://registry.npmjs.org/@babel/plugin-transform-unicode-regex/-/plugin-transform-unicode-regex-7.27.1.tgz 4383ms (cache miss)
npm http fetch GET 200 https://registry.npmjs.org/jest-util/-/jest-util-29.7.0.tgz 4794ms (cache miss)
npm http fetch GET 200 https://registry.npmjs.org/@babel/helper-wrap-function/-/helper-wrap-function-7.28.3.tgz 4572ms (cache miss)
npm http fetch GET 200 https://registry.npmjs.org/@babel/plugin-transform-sticky-regex/-/plugin-transform-sticky-regex-7.27.1.tgz 4570ms (cache miss)
npm http fetch GET 200 https://registry.npmjs.org/@babel/plugin-transform-spread/-/plugin-transform-spread-7.27.1.tgz 4569ms (cache miss)
npm http fetch GET 200 https://registry.npmjs.org/@babel/plugin-transform-react-jsx-self/-/plugin-transform-react-jsx-self-7.27.1.tgz 4566ms (cache miss)
npm http fetch GET 200 https://registry.npmjs.org/safe-buffer/-/safe-buffer-5.2.1.tgz 4704ms (cache miss)
npm http fetch GET 200 https://registry.npmjs.org/@babel/plugin-transform-shorthand-properties/-/plugin-transform-shorthand-properties-7.27.1.tgz 4679ms (cache miss)
npm http fetch GET 200 https://registry.npmjs.org/@babel/plugin-transform-optional-catch-binding/-/plugin-transform-optional-catch-binding-7.27.1.tgz 4676ms (cache miss)
npm http fetch GET 200 https://registry.npmjs.org/@babel/plugin-transform-named-capturing-groups-regex/-/plugin-transform-named-capturing-groups-regex-7.27.1.tgz 4672ms (cache miss)
npm http fetch GET 200 https://registry.npmjs.org/@babel/plugin-transform-literals/-/plugin-transform-literals-7.27.1.tgz 4671ms (cache miss)
npm http fetch GET 200 https://registry.npmjs.org/@babel/plugin-transform-logical-assignment-operators/-/plugin-transform-logical-assignment-operators-7.27.1.tgz 4672ms (cache miss)
npm http fetch GET 200 https://registry.npmjs.org/@babel/plugin-transform-numeric-separator/-/plugin-transform-numeric-separator-7.27.1.tgz 4676ms (cache miss)
npm http fetch GET 200 https://registry.npmjs.org/@babel/plugin-transform-optional-chaining/-/plugin-transform-optional-chaining-7.27.1.tgz 4678ms (cache miss)
npm http fetch GET 200 https://registry.npmjs.org/@babel/plugin-transform-function-name/-/plugin-transform-function-name-7.27.1.tgz 4672ms (cache miss)
npm http fetch GET 200 https://registry.npmjs.org/source-map-js/-/source-map-js-1.2.1.tgz 4917ms (cache miss)
npm http fetch GET 200 https://registry.npmjs.org/http2-wrapper/-/http2-wrapper-1.0.3.tgz 4786ms (cache miss)
npm http fetch GET 200 https://registry.npmjs.org/@babel/plugin-transform-react-jsx-source/-/plugin-transform-react-jsx-source-7.27.1.tgz 4716ms (cache miss)
npm http fetch GET 200 https://registry.npmjs.org/@babel/plugin-transform-nullish-coalescing-operator/-/plugin-transform-nullish-coalescing-operator-7.27.1.tgz 4714ms (cache miss)
npm http fetch GET 200 https://registry.npmjs.org/@babel/plugin-transform-class-properties/-/plugin-transform-class-properties-7.27.1.tgz 4704ms (cache miss)
npm http fetch GET 200 https://registry.npmjs.org/@babel/plugin-transform-computed-properties/-/plugin-transform-computed-properties-7.27.1.tgz 4708ms (cache miss)
npm http fetch GET 200 https://registry.npmjs.org/@babel/plugin-transform-for-of/-/plugin-transform-for-of-7.27.1.tgz 4708ms (cache miss)
npm http fetch GET 200 https://registry.npmjs.org/metro-runtime/-/metro-runtime-0.82.5.tgz 5002ms (cache miss)
npm http fetch GET 200 https://registry.npmjs.org/@babel/plugin-transform-arrow-functions/-/plugin-transform-arrow-functions-7.27.1.tgz 4763ms (cache miss)
npm http fetch GET 200 https://registry.npmjs.org/@babel/plugin-transform-async-to-generator/-/plugin-transform-async-to-generator-7.27.1.tgz 4765ms (cache miss)
npm http fetch GET 200 https://registry.npmjs.org/@babel/plugin-transform-async-generator-functions/-/plugin-transform-async-generator-functions-7.28.0.tgz 4764ms (cache miss)
npm http fetch GET 200 https://registry.npmjs.org/@babel/plugin-syntax-optional-chaining/-/plugin-syntax-optional-chaining-7.8.3.tgz 4764ms (cache miss)
npm http fetch GET 200 https://registry.npmjs.org/@babel/plugin-syntax-dynamic-import/-/plugin-syntax-dynamic-import-7.8.3.tgz 4762ms (cache miss)
npm http fetch GET 200 https://registry.npmjs.org/@babel/plugin-syntax-nullish-coalescing-operator/-/plugin-syntax-nullish-coalescing-operator-7.8.3.tgz 4763ms (cache miss)
npm http fetch GET 200 https://registry.npmjs.org/@babel/plugin-syntax-jsx/-/plugin-syntax-jsx-7.27.1.tgz 4758ms (cache miss)
npm http fetch GET 200 https://registry.npmjs.org/esprima/-/esprima-4.0.1.tgz 5340ms (cache miss)
npm http fetch GET 200 https://registry.npmjs.org/plist/-/plist-3.1.0.tgz 5333ms (cache miss)
npm http fetch GET 200 https://registry.npmjs.org/commander/-/commander-7.2.0.tgz 4857ms (cache miss)
npm http fetch GET 200 https://registry.npmjs.org/big-integer/-/big-integer-1.6.52.tgz 4837ms (cache miss)
npm http fetch GET 200 https://registry.npmjs.org/@babel/plugin-transform-classes/-/plugin-transform-classes-7.28.3.tgz 4812ms (cache miss)
npm http fetch GET 200 https://registry.npmjs.org/@babel/plugin-transform-react-pure-annotations/-/plugin-transform-react-pure-annotations-7.27.1.tgz 4799ms (cache miss)
npm http fetch GET 200 https://registry.npmjs.org/@babel/plugin-transform-react-jsx-development/-/plugin-transform-react-jsx-development-7.27.1.tgz 4800ms (cache miss)
npm http fetch GET 200 https://registry.npmjs.org/babel-plugin-polyfill-regenerator/-/babel-plugin-polyfill-regenerator-0.6.5.tgz 4796ms (cache miss)
npm http fetch GET 200 https://registry.npmjs.org/@babel/plugin-transform-react-display-name/-/plugin-transform-react-display-name-7.28.0.tgz 4799ms (cache miss)
npm http fetch GET 200 https://registry.npmjs.org/@babel/plugin-syntax-typescript/-/plugin-syntax-typescript-7.27.1.tgz 4804ms (cache miss)
npm http fetch GET 200 https://registry.npmjs.org/jest-worker/-/jest-worker-29.7.0.tgz 5161ms (cache miss)
npm http fetch GET 200 https://registry.npmjs.org/mime-db/-/mime-db-1.54.0.tgz 4900ms (cache miss)
npm http fetch GET 200 https://registry.npmjs.org/@babel/helper-annotate-as-pure/-/helper-annotate-as-pure-7.27.3.tgz 4836ms (cache miss)
npm http fetch GET 200 https://registry.npmjs.org/@babel/plugin-syntax-decorators/-/plugin-syntax-decorators-7.27.1.tgz 4835ms (cache miss)
npm http fetch GET 200 https://registry.npmjs.org/@babel/helper-plugin-utils/-/helper-plugin-utils-7.27.1.tgz 4835ms (cache miss)
npm http fetch GET 200 https://registry.npmjs.org/react-refresh/-/react-refresh-0.14.2.tgz 4833ms (cache miss)
npm http fetch GET 200 https://registry.npmjs.org/babel-plugin-transform-flow-enums/-/babel-plugin-transform-flow-enums-0.0.2.tgz 4832ms (cache miss)
npm http fetch GET 200 https://registry.npmjs.org/@babel/plugin-syntax-flow/-/plugin-syntax-flow-7.27.1.tgz 4845ms (cache miss)
npm http fetch GET 200 https://registry.npmjs.org/@babel/helper-skip-transparent-expression-wrappers/-/helper-skip-transparent-expression-wrappers-7.27.1.tgz 4844ms (cache miss)
npm http fetch GET 200 https://registry.npmjs.org/@babel/helper-optimise-call-expression/-/helper-optimise-call-expression-7.27.1.tgz 4842ms (cache miss)
npm http fetch GET 200 https://registry.npmjs.org/@babel/helper-replace-supers/-/helper-replace-supers-7.27.1.tgz 4844ms (cache miss)
npm http fetch GET 200 https://registry.npmjs.org/@babel/plugin-transform-react-jsx/-/plugin-transform-react-jsx-7.27.1.tgz 4901ms (cache miss)
npm http fetch GET 200 https://registry.npmjs.org/@babel/plugin-transform-destructuring/-/plugin-transform-destructuring-7.28.0.tgz 4897ms (cache miss)
npm http fetch GET 200 https://registry.npmjs.org/@babel/helper-member-expression-to-functions/-/helper-member-expression-to-functions-7.27.1.tgz 4890ms (cache miss)
npm http fetch GET 200 https://registry.npmjs.org/babel-plugin-syntax-hermes-parser/-/babel-plugin-syntax-hermes-parser-0.25.1.tgz 4880ms (cache miss)
npm http fetch GET 200 https://registry.npmjs.org/jest-haste-map/-/jest-haste-map-29.7.0.tgz 5222ms (cache miss)
npm http fetch GET 200 https://registry.npmjs.org/regexpu-core/-/regexpu-core-6.2.0.tgz 4989ms (cache miss)
npm http fetch GET 200 https://registry.npmjs.org/@babel/plugin-transform-runtime/-/plugin-transform-runtime-7.28.3.tgz 4929ms (cache miss)
npm http fetch GET 200 https://registry.npmjs.org/@babel/plugin-transform-private-property-in-object/-/plugin-transform-private-property-in-object-7.27.1.tgz 4930ms (cache miss)
npm http fetch GET 200 https://registry.npmjs.org/@babel/preset-typescript/-/preset-typescript-7.27.1.tgz 4931ms (cache miss)
npm http fetch GET 200 https://registry.npmjs.org/@babel/plugin-transform-private-methods/-/plugin-transform-private-methods-7.27.1.tgz 4929ms (cache miss)
npm http fetch GET 200 https://registry.npmjs.org/@react-native/babel-preset/-/babel-preset-0.79.6.tgz 4933ms (cache miss)
npm http fetch GET 200 https://registry.npmjs.org/@babel/plugin-transform-flow-strip-types/-/plugin-transform-flow-strip-types-7.27.1.tgz 4925ms (cache miss)
npm http fetch GET 200 https://registry.npmjs.org/@babel/plugin-transform-modules-commonjs/-/plugin-transform-modules-commonjs-7.27.1.tgz 4926ms (cache miss)
npm http fetch GET 200 https://registry.npmjs.org/@babel/plugin-transform-export-namespace-from/-/plugin-transform-export-namespace-from-7.27.1.tgz 4926ms (cache miss)
npm http fetch GET 200 https://registry.npmjs.org/@babel/plugin-proposal-export-default-from/-/plugin-proposal-export-default-from-7.27.1.tgz 4924ms (cache miss)
npm http fetch GET 200 https://registry.npmjs.org/babel-plugin-react-native-web/-/babel-plugin-react-native-web-0.19.13.tgz 4971ms (cache miss)
npm http fetch GET 200 https://registry.npmjs.org/@babel/plugin-transform-object-rest-spread/-/plugin-transform-object-rest-spread-7.28.0.tgz 4979ms (cache miss)
npm http fetch GET 200 https://registry.npmjs.org/mime-types/-/mime-types-2.1.35.tgz 4971ms (cache miss)
npm http fetch GET 200 https://registry.npmjs.org/@babel/plugin-syntax-export-default-from/-/plugin-syntax-export-default-from-7.27.1.tgz 4977ms (cache miss)
npm http fetch GET 200 https://registry.npmjs.org/@babel/preset-react/-/preset-react-7.27.1.tgz 4985ms (cache miss)
npm http fetch GET 200 https://registry.npmjs.org/negotiator/-/negotiator-0.6.3.tgz 4973ms (cache miss)
npm http fetch GET 200 https://registry.npmjs.org/@babel/plugin-proposal-decorators/-/plugin-proposal-decorators-7.28.0.tgz 4977ms (cache miss)
npm http fetch GET 200 https://registry.npmjs.org/serve-static/-/serve-static-1.16.2.tgz 5161ms (cache miss)
npm http fetch GET 200 https://registry.npmjs.org/invariant/-/invariant-2.2.4.tgz 5164ms (cache miss)
npm http fetch GET 200 https://registry.npmjs.org/cross-spawn/-/cross-spawn-7.0.6.tgz 5159ms (cache miss)
npm http fetch GET 200 https://registry.npmjs.org/@babel/plugin-transform-block-scoping/-/plugin-transform-block-scoping-7.28.0.tgz 5278ms (cache miss)
npm http fetch GET 200 https://registry.npmjs.org/@isaacs/ttlcache/-/ttlcache-1.4.1.tgz 5228ms (cache miss)
npm http fetch GET 200 https://registry.npmjs.org/base64-js/-/base64-js-1.5.1.tgz 5227ms (cache miss)
npm http fetch GET 200 https://registry.npmjs.org/exec-async/-/exec-async-2.2.0.tgz 5224ms (cache miss)
npm http fetch GET 200 https://registry.npmjs.org/@react-native/normalize-colors/-/normalize-colors-0.79.5.tgz 5267ms (cache miss)
npm http fetch GET 200 https://registry.npmjs.org/temp-dir/-/temp-dir-2.0.0.tgz 5261ms (cache miss)
npm http fetch GET 200 https://registry.npmjs.org/parse-png/-/parse-png-2.1.0.tgz 5257ms (cache miss)
npm http fetch GET 200 https://registry.npmjs.org/jsc-safe-url/-/jsc-safe-url-0.2.4.tgz 5263ms (cache miss)
npm http fetch GET 200 https://registry.npmjs.org/unique-string/-/unique-string-2.0.0.tgz 5262ms (cache miss)
npm http fetch GET 200 https://registry.npmjs.org/babel-plugin-polyfill-corejs2/-/babel-plugin-polyfill-corejs2-0.4.14.tgz 5377ms (cache miss)
npm http fetch GET 200 https://registry.npmjs.org/dotenv-expand/-/dotenv-expand-11.0.7.tgz 5306ms (cache miss)
npm http fetch GET 200 https://registry.npmjs.org/find-up/-/find-up-5.0.0.tgz 5312ms (cache miss)
npm http fetch GET 200 https://registry.npmjs.org/ignore/-/ignore-5.3.2.tgz 5319ms (cache miss)
npm http fetch GET 200 https://registry.npmjs.org/@babel/plugin-transform-parameters/-/plugin-transform-parameters-7.27.7.tgz 5392ms (cache miss)
npm http fetch GET 200 https://registry.npmjs.org/@expo/sudo-prompt/-/sudo-prompt-9.3.2.tgz 5333ms (cache miss)
npm http fetch GET 200 https://registry.npmjs.org/xml2js/-/xml2js-0.6.0.tgz 5327ms (cache miss)
npm http fetch GET 200 https://registry.npmjs.org/slash/-/slash-3.0.0.tgz 5321ms (cache miss)
npm http fetch GET 200 https://registry.npmjs.org/deepmerge/-/deepmerge-4.3.1.tgz 5306ms (cache miss)
npm http fetch GET 200 https://registry.npmjs.org/open/-/open-7.4.2.tgz 5434ms (cache miss)
npm http fetch GET 200 https://registry.npmjs.org/@react-native/virtualized-lists/-/virtualized-lists-0.79.6.tgz 5725ms (cache miss)
npm http fetch GET 200 https://registry.npmjs.org/p-limit/-/p-limit-3.1.0.tgz 5425ms (cache miss)
npm http fetch GET 200 https://registry.npmjs.org/nullthrows/-/nullthrows-1.1.1.tgz 5359ms (cache miss)
npm http fetch GET 200 https://registry.npmjs.org/wrap-ansi/-/wrap-ansi-7.0.0.tgz 5354ms (cache miss)
npm http fetch GET 200 https://registry.npmjs.org/terminal-link/-/terminal-link-2.1.1.tgz 5348ms (cache miss)
npm http fetch GET 200 https://registry.npmjs.org/@expo/sdk-runtime-versions/-/sdk-runtime-versions-1.0.0.tgz 5381ms (cache miss)
npm http fetch GET 200 https://registry.npmjs.org/@expo/config-types/-/config-types-53.0.5.tgz 5367ms (cache miss)
npm http fetch GET 200 https://registry.npmjs.org/resolve-workspace-root/-/resolve-workspace-root-2.0.0.tgz 5409ms (cache miss)
npm http fetch GET 200 https://registry.npmjs.org/require-from-string/-/require-from-string-2.0.2.tgz 5356ms (cache miss)
npm http fetch GET 200 https://registry.npmjs.org/progress/-/progress-2.0.3.tgz 5353ms (cache miss)
npm http fetch GET 200 https://registry.npmjs.org/pretty-format/-/pretty-format-29.7.0.tgz 5353ms (cache miss)
npm http fetch GET 200 https://registry.npmjs.org/stacktrace-parser/-/stacktrace-parser-0.1.11.tgz 5373ms (cache miss)
npm http fetch GET 200 https://registry.npmjs.org/send/-/send-0.19.1.tgz 5363ms (cache miss)
npm http fetch GET 200 https://registry.npmjs.org/slugify/-/slugify-1.6.6.tgz 5364ms (cache miss)
npm http fetch GET 200 https://registry.npmjs.org/resolve.exports/-/resolve.exports-2.0.3.tgz 5362ms (cache miss)
npm http fetch GET 200 https://registry.npmjs.org/resolve-from/-/resolve-from-5.0.0.tgz 5362ms (cache miss)
npm http fetch GET 200 https://registry.npmjs.org/@babel/plugin-transform-typescript/-/plugin-transform-typescript-7.28.0.tgz 5579ms (cache miss)
npm http fetch GET 200 https://registry.npmjs.org/dotenv/-/dotenv-16.4.7.tgz 5492ms (cache miss)
npm http fetch GET 200 https://registry.npmjs.org/source-map-support/-/source-map-support-0.5.21.tgz 5417ms (cache miss)
npm http fetch GET 200 https://registry.npmjs.org/pretty-bytes/-/pretty-bytes-5.6.0.tgz 5406ms (cache miss)
npm http fetch GET 200 https://registry.npmjs.org/npm-package-arg/-/npm-package-arg-11.0.3.tgz 5398ms (cache miss)
npm http fetch GET 200 https://registry.npmjs.org/ora/-/ora-3.4.0.tgz 5517ms (cache miss)
npm http fetch GET 200 https://registry.npmjs.org/getenv/-/getenv-2.0.0.tgz 5502ms (cache miss)
npm http fetch GET 200 https://registry.npmjs.org/lan-network/-/lan-network-0.1.7.tgz 5507ms (cache miss)
npm http fetch GET 200 https://registry.npmjs.org/chalk/-/chalk-4.1.2.tgz 5505ms (cache miss)
npm http fetch GET 200 https://registry.npmjs.org/freeport-async/-/freeport-async-2.0.0.tgz 5509ms (cache miss)
npm http fetch GET 200 https://registry.npmjs.org/compression/-/compression-1.8.1.tgz 5506ms (cache miss)
npm http fetch GET 200 https://registry.npmjs.org/env-editor/-/env-editor-0.4.2.tgz 5509ms (cache miss)
npm http fetch GET 200 https://registry.npmjs.org/connect/-/connect-3.7.0.tgz 5622ms (cache miss)
npm http fetch GET 200 https://registry.npmjs.org/ci-info/-/ci-info-3.9.0.tgz 5621ms (cache miss)
npm http fetch GET 200 https://registry.npmjs.org/bplist-parser/-/bplist-parser-0.3.2.tgz 5620ms (cache miss)
npm http fetch GET 200 https://registry.npmjs.org/hermes-estree/-/hermes-estree-0.25.1.tgz 6043ms (cache miss)
npm http fetch GET 200 https://registry.npmjs.org/picomatch/-/picomatch-3.0.1.tgz 5707ms (cache miss)
npm http fetch GET 200 https://registry.npmjs.org/accepts/-/accepts-1.3.8.tgz 5678ms (cache miss)
npm http fetch GET 200 https://registry.npmjs.org/@urql/exchange-retry/-/exchange-retry-1.3.2.tgz 5677ms (cache miss)
npm http fetch GET 200 https://registry.npmjs.org/minipass/-/minipass-7.1.2.tgz 6017ms (cache miss)
npm http fetch GET 200 https://registry.npmjs.org/stream-buffers/-/stream-buffers-2.2.0.tgz 5983ms (cache miss)
npm http fetch GET 200 https://registry.npmjs.org/bplist-creator/-/bplist-creator-0.1.0.tgz 5746ms (cache miss)
npm http fetch GET 200 https://registry.npmjs.org/arg/-/arg-5.0.2.tgz 5745ms (cache miss)
npm http fetch GET 200 https://registry.npmjs.org/@expo/spawn-async/-/spawn-async-1.7.2.tgz 5740ms (cache miss)
npm http fetch GET 200 https://registry.npmjs.org/@expo/plist/-/plist-0.3.5.tgz 5738ms (cache miss)
npm http fetch GET 200 https://registry.npmjs.org/@expo/osascript/-/osascript-2.2.5.tgz 5738ms (cache miss)
npm http fetch GET 200 https://registry.npmjs.org/@expo/json-file/-/json-file-9.1.5.tgz 5736ms (cache miss)
npm http fetch GET 200 https://registry.npmjs.org/@babel/plugin-transform-regenerator/-/plugin-transform-regenerator-7.28.3.tgz 6050ms (cache miss)
npm http fetch GET 200 https://registry.npmjs.org/@expo/code-signing-certificates/-/code-signing-certificates-0.0.5.tgz 5811ms (cache miss)
npm http fetch GET 200 https://registry.npmjs.org/@expo/env/-/env-1.0.7.tgz 5813ms (cache miss)
npm http fetch GET 200 https://registry.npmjs.org/simple-swizzle/-/simple-swizzle-0.2.2.tgz 6068ms (cache miss)
npm http fetch GET 200 https://registry.npmjs.org/color-name/-/color-name-1.1.4.tgz 6067ms (cache miss)
npm http fetch GET 200 https://registry.npmjs.org/color-string/-/color-string-1.9.1.tgz 6068ms (cache miss)
npm http fetch GET 200 https://registry.npmjs.org/ms/-/ms-2.1.3.tgz 6072ms (cache miss)
npm http fetch GET 200 https://registry.npmjs.org/color-convert/-/color-convert-2.0.1.tgz 6068ms (cache miss)
npm http fetch GET 200 https://registry.npmjs.org/acorn/-/acorn-8.15.0.tgz 6880ms (cache miss)
npm http fetch GET 200 https://registry.npmjs.org/metro-resolver/-/metro-resolver-0.82.5.tgz 6692ms (cache miss)
npm http fetch GET 200 https://registry.npmjs.org/signal-exit/-/signal-exit-4.1.0.tgz 6443ms (cache miss)
npm http fetch GET 200 https://registry.npmjs.org/babel-plugin-polyfill-corejs3/-/babel-plugin-polyfill-corejs3-0.13.0.tgz 6355ms (cache miss)
npm http fetch GET 200 https://registry.npmjs.org/requireg/-/requireg-0.2.2.tgz 6193ms (cache miss)
npm http fetch GET 200 https://registry.npmjs.org/@types/ws/-/ws-8.18.1.tgz 6115ms (cache miss)
npm http fetch GET 200 https://registry.npmjs.org/@types/phoenix/-/phoenix-1.6.6.tgz 6115ms (cache miss)
npm http fetch GET 200 https://registry.npmjs.org/update-browserslist-db/-/update-browserslist-db-1.1.3.tgz 6123ms (cache miss)
npm http fetch GET 200 https://registry.npmjs.org/node-releases/-/node-releases-2.0.19.tgz 6124ms (cache miss)
npm http fetch GET 200 https://registry.npmjs.org/whatwg-url/-/whatwg-url-5.0.0.tgz 6168ms (cache miss)
npm http fetch GET 200 https://registry.npmjs.org/jackspeak/-/jackspeak-3.4.3.tgz 6535ms (cache miss)
npm http fetch GET 200 https://registry.npmjs.org/@xmldom/xmldom/-/xmldom-0.8.11.tgz 6414ms (cache miss)
npm http fetch GET 200 https://registry.npmjs.org/warn-once/-/warn-once-0.1.1.tgz 6214ms (cache miss)
npm http fetch GET 200 https://registry.npmjs.org/react-is/-/react-is-19.1.1.tgz 6211ms (cache miss)
npm http fetch GET 200 https://registry.npmjs.org/query-string/-/query-string-7.1.3.tgz 6211ms (cache miss)
npm http fetch GET 200 https://registry.npmjs.org/fast-deep-equal/-/fast-deep-equal-3.1.3.tgz 6209ms (cache miss)
npm http fetch GET 200 https://registry.npmjs.org/nanoid/-/nanoid-3.3.11.tgz 6211ms (cache miss)
npm http fetch GET 200 https://registry.npmjs.org/escape-string-regexp/-/escape-string-regexp-4.0.0.tgz 6210ms (cache miss)
npm http fetch GET 200 https://registry.npmjs.org/@supabase/functions-js/-/functions-js-2.4.5.tgz 6218ms (cache miss)
npm http fetch GET 200 https://registry.npmjs.org/use-latest-callback/-/use-latest-callback-0.2.4.tgz 6260ms (cache miss)
npm http fetch GET 200 https://registry.npmjs.org/use-sync-external-store/-/use-sync-external-store-1.5.0.tgz 6261ms (cache miss)
npm http fetch GET 200 https://registry.npmjs.org/metro-source-map/-/metro-source-map-0.82.5.tgz 6824ms (cache miss)
npm http fetch GET 200 https://registry.npmjs.org/xcode/-/xcode-3.0.1.tgz 6475ms (cache miss)
npm http fetch GET 200 https://registry.npmjs.org/@0no-co/graphql.web/-/graphql.web-1.2.0.tgz 6357ms (cache miss)
npm http fetch GET 200 https://registry.npmjs.org/color/-/color-4.2.3.tgz 6311ms (cache miss)
npm http fetch GET 200 https://registry.npmjs.org/@jridgewell/resolve-uri/-/resolve-uri-3.1.2.tgz 6311ms (cache miss)
npm http fetch GET 200 https://registry.npmjs.org/@babel/helper-globals/-/helper-globals-7.28.0.tgz 6304ms (cache miss)
npm http fetch GET 200 https://registry.npmjs.org/@babel/helper-string-parser/-/helper-string-parser-7.27.1.tgz 6307ms (cache miss)
npm http fetch GET 200 https://registry.npmjs.org/uuid/-/uuid-3.4.0.tgz 6312ms (cache miss)
npm http fetch GET 200 https://registry.npmjs.org/whatwg-url-without-unicode/-/whatwg-url-without-unicode-8.0.0-3.tgz 6501ms (cache miss)
npm http fetch GET 200 https://registry.npmjs.org/@expo/ngrok-bin/-/ngrok-bin-2.3.42.tgz 6467ms (cache miss)
npm http fetch GET 200 https://registry.npmjs.org/lru-cache/-/lru-cache-5.1.1.tgz 6467ms (cache miss)
npm http fetch GET 200 https://registry.npmjs.org/@babel/helper-module-imports/-/helper-module-imports-7.27.1.tgz 6469ms (cache miss)
npm http fetch GET 200 https://registry.npmjs.org/@sinonjs/commons/-/commons-3.0.1.tgz 7128ms (cache miss)
npm http fetch GET 200 https://registry.npmjs.org/@babel/helper-define-polyfill-provider/-/helper-define-polyfill-provider-0.6.5.tgz 6856ms (cache miss)
npm http fetch GET 200 https://registry.npmjs.org/@supabase/node-fetch/-/node-fetch-2.6.15.tgz 6568ms (cache miss)
npm http fetch GET 200 https://registry.npmjs.org/jsesc/-/jsesc-3.1.0.tgz 6543ms (cache miss)
npm http fetch GET 200 https://registry.npmjs.org/@babel/helper-validator-option/-/helper-validator-option-7.27.1.tgz 6545ms (cache miss)
npm http fetch GET 200 https://registry.npmjs.org/js-tokens/-/js-tokens-4.0.0.tgz 6543ms (cache miss)
npm http fetch GET 200 https://registry.npmjs.org/@babel/compat-data/-/compat-data-7.28.0.tgz 6545ms (cache miss)
npm http fetch GET 200 https://registry.npmjs.org/picocolors/-/picocolors-1.1.1.tgz 6544ms (cache miss)
npm http fetch GET 200 https://registry.npmjs.org/gensync/-/gensync-1.0.0-beta.2.tgz 6538ms (cache miss)
npm http fetch GET 200 https://registry.npmjs.org/debug/-/debug-4.4.1.tgz 6595ms (cache miss)
npm http fetch GET 200 https://registry.npmjs.org/@babel/helper-validator-identifier/-/helper-validator-identifier-7.27.1.tgz 6600ms (cache miss)
npm http fetch GET 200 https://registry.npmjs.org/convert-source-map/-/convert-source-map-2.0.0.tgz 6594ms (cache miss)
npm http fetch GET 200 https://registry.npmjs.org/image-size/-/image-size-1.2.1.tgz 7268ms (cache miss)
npm http fetch GET 200 https://registry.npmjs.org/@expo/schema-utils/-/schema-utils-0.1.0.tgz 6734ms (cache miss)
npm http fetch GET 200 https://registry.npmjs.org/browserslist/-/browserslist-4.25.4.tgz 6670ms (cache miss)
npm http fetch GET 200 https://registry.npmjs.org/semver/-/semver-6.3.1.tgz 6662ms (cache miss)
npm http fetch GET 200 https://registry.npmjs.org/react-native-url-polyfill/-/react-native-url-polyfill-2.0.0.tgz 6647ms (cache miss)
npm http fetch GET 200 https://registry.npmjs.org/@babel/helper-compilation-targets/-/helper-compilation-targets-7.27.2.tgz 6654ms (cache miss)
npm http fetch GET 200 https://registry.npmjs.org/@ampproject/remapping/-/remapping-2.3.0.tgz 6653ms (cache miss)
npm http fetch GET 200 https://registry.npmjs.org/@babel/code-frame/-/code-frame-7.27.1.tgz 6654ms (cache miss)
npm http fetch GET 200 https://registry.npmjs.org/@expo/ws-tunnel/-/ws-tunnel-1.0.6.tgz 6787ms (cache miss)
npm http fetch GET 200 https://registry.npmjs.org/react-native-toast-message/-/react-native-toast-message-2.3.3.tgz 6701ms (cache miss)
npm http fetch GET 200 https://registry.npmjs.org/expo-status-bar/-/expo-status-bar-2.2.3.tgz 6748ms (cache miss)
npm http fetch GET 200 https://registry.npmjs.org/@react-native/community-cli-plugin/-/community-cli-plugin-0.79.6.tgz 7344ms (cache miss)
npm http fetch GET 200 https://registry.npmjs.org/tslib/-/tslib-2.8.1.tgz 6849ms (cache miss)
npm http fetch GET 200 https://registry.npmjs.org/base-64/-/base-64-1.0.0.tgz 6793ms (cache miss)
npm http fetch GET 200 https://registry.npmjs.org/electron-to-chromium/-/electron-to-chromium-1.5.211.tgz 6913ms (cache miss)
npm http fetch GET 200 https://registry.npmjs.org/has-flag/-/has-flag-3.0.0.tgz 6795ms (cache miss)
npm http fetch GET 200 https://registry.npmjs.org/@expo/ngrok/-/ngrok-4.1.3.tgz 6808ms (cache miss)
npm http fetch GET 200 https://registry.npmjs.org/mdn-data/-/mdn-data-2.0.14.tgz 7718ms (cache miss)
npm http fetch GET 200 https://registry.npmjs.org/chalk/-/chalk-2.4.2.tgz 6924ms (cache miss)
npm http fetch GET 200 https://registry.npmjs.org/ansi-styles/-/ansi-styles-3.2.1.tgz 6922ms (cache miss)
npm http fetch GET 200 https://registry.npmjs.org/color-name/-/color-name-1.1.3.tgz 6931ms (cache miss)
npm http fetch GET 200 https://registry.npmjs.org/color-convert/-/color-convert-1.9.3.tgz 6933ms (cache miss)
npm http fetch GET 200 https://registry.npmjs.org/supports-color/-/supports-color-5.5.0.tgz 6931ms (cache miss)
npm http fetch GET 200 https://registry.npmjs.org/escape-string-regexp/-/escape-string-regexp-1.0.5.tgz 6929ms (cache miss)
npm http fetch GET 200 https://registry.npmjs.org/strip-ansi/-/strip-ansi-6.0.1.tgz 6918ms (cache miss)
npm http fetch GET 200 https://registry.npmjs.org/better-opn/-/better-opn-3.0.2.tgz 7229ms (cache miss)
npm http fetch GET 200 https://registry.npmjs.org/statuses/-/statuses-2.0.1.tgz 7040ms (cache miss)
npm http fetch GET 200 https://registry.npmjs.org/emoji-regex/-/emoji-regex-8.0.0.tgz 7060ms (cache miss)
npm http fetch GET 200 https://registry.npmjs.org/bplist-parser/-/bplist-parser-0.3.1.tgz 7048ms (cache miss)
npm http fetch GET 200 https://registry.npmjs.org/string-width/-/string-width-4.2.3.tgz 7053ms (cache miss)
npm http fetch GET 200 https://registry.npmjs.org/chromium-edge-launcher/-/chromium-edge-launcher-0.2.0.tgz 7429ms (cache miss)
npm http fetch GET 200 https://registry.npmjs.org/qrcode-terminal/-/qrcode-terminal-0.11.0.tgz 7302ms (cache miss)
npm http fetch GET 200 https://registry.npmjs.org/jsesc/-/jsesc-3.0.2.tgz 7081ms (cache miss)
npm http fetch GET 200 https://registry.npmjs.org/react-is/-/react-is-16.13.1.tgz 7071ms (cache miss)
npm http fetch GET 200 https://registry.npmjs.org/resolve-from/-/resolve-from-3.0.0.tgz 7059ms (cache miss)
npm http fetch GET 200 https://registry.npmjs.org/camelcase/-/camelcase-6.3.0.tgz 7053ms (cache miss)
npm http fetch GET 200 https://registry.npmjs.org/exponential-backoff/-/exponential-backoff-3.1.2.tgz 7895ms (cache miss)
npm http fetch GET 200 https://registry.npmjs.org/structured-headers/-/structured-headers-0.4.1.tgz 7385ms (cache miss)
npm http fetch GET 200 https://registry.npmjs.org/commander/-/commander-2.20.3.tgz 7124ms (cache miss)
npm http fetch GET 200 https://registry.npmjs.org/escape-string-regexp/-/escape-string-regexp-2.0.0.tgz 7107ms (cache miss)
npm http fetch GET 200 https://registry.npmjs.org/supports-color/-/supports-color-8.1.1.tgz 7107ms (cache miss)
npm http fetch GET 200 https://registry.npmjs.org/jimp-compact/-/jimp-compact-0.16.1.tgz 7519ms (cache miss)
npm warn deprecated uuid@3.4.0: Please upgrade  to version 7 or higher.  Older versions may use Math.random() in certain circumstances, which is known to be problematic.  See https://v8.dev/blog/math-random for details.
npm http fetch GET 200 https://registry.npmjs.org/minimatch/-/minimatch-3.1.2.tgz 7147ms (cache miss)
npm http fetch GET 200 https://registry.npmjs.org/brace-expansion/-/brace-expansion-1.1.12.tgz 7148ms (cache miss)
npm http fetch GET 200 https://registry.npmjs.org/glob/-/glob-7.2.3.tgz 7147ms (cache miss)
npm warn deprecated glob@7.2.3: Glob versions prior to v9 are no longer supported
npm http fetch GET 200 https://registry.npmjs.org/p-locate/-/p-locate-4.1.0.tgz 7145ms (cache miss)
npm http fetch GET 200 https://registry.npmjs.org/locate-path/-/locate-path-5.0.0.tgz 7141ms (cache miss)
npm http fetch GET 200 https://registry.npmjs.org/source-map/-/source-map-0.5.7.tgz 7982ms (cache miss)
npm http fetch GET 200 https://registry.npmjs.org/chrome-launcher/-/chrome-launcher-0.15.2.tgz 7589ms (cache miss)
npm http fetch GET 200 https://registry.npmjs.org/p-limit/-/p-limit-2.3.0.tgz 7194ms (cache miss)
npm http fetch GET 200 https://registry.npmjs.org/find-up/-/find-up-4.1.0.tgz 7188ms (cache miss)
npm http fetch GET 200 https://registry.npmjs.org/@babel/helper-create-class-features-plugin/-/helper-create-class-features-plugin-7.28.3.tgz 7648ms (cache miss)
npm http fetch GET 200 https://registry.npmjs.org/signal-exit/-/signal-exit-3.0.7.tgz 7217ms (cache miss)
npm http fetch GET 200 https://registry.npmjs.org/ms/-/ms-2.0.0.tgz 7203ms (cache miss)
npm http fetch GET 200 https://registry.npmjs.org/ci-info/-/ci-info-2.0.0.tgz 7205ms (cache miss)
npm http fetch GET 200 https://registry.npmjs.org/path-scurry/-/path-scurry-1.11.1.tgz 7786ms (cache miss)
npm http fetch GET 200 https://registry.npmjs.org/ws/-/ws-8.18.3.tgz 7456ms (cache miss)
npm http fetch GET 200 https://registry.npmjs.org/escape-string-regexp/-/escape-string-regexp-1.0.5.tgz 7232ms (cache miss)
npm http fetch GET 200 https://registry.npmjs.org/ansi-styles/-/ansi-styles-3.2.1.tgz 7232ms (cache miss)
npm http fetch GET 200 https://registry.npmjs.org/color-name/-/color-name-1.1.3.tgz 7237ms (cache miss)
npm http fetch GET 200 https://registry.npmjs.org/has-flag/-/has-flag-3.0.0.tgz 7238ms (cache miss)
npm http fetch GET 200 https://registry.npmjs.org/supports-color/-/supports-color-5.5.0.tgz 7236ms (cache miss)
npm http fetch GET 200 https://registry.npmjs.org/color-convert/-/color-convert-1.9.3.tgz 7238ms (cache miss)
npm http fetch GET 200 https://registry.npmjs.org/minimatch/-/minimatch-3.1.2.tgz 7243ms (cache miss)
npm http fetch GET 200 https://registry.npmjs.org/glob/-/glob-7.2.3.tgz 7242ms (cache miss)
npm http fetch GET 200 https://registry.npmjs.org/brace-expansion/-/brace-expansion-1.1.12.tgz 7243ms (cache miss)
npm http fetch GET 200 https://registry.npmjs.org/emoji-regex/-/emoji-regex-8.0.0.tgz 7257ms (cache miss)
npm http fetch GET 200 https://registry.npmjs.org/emoji-regex/-/emoji-regex-8.0.0.tgz 7241ms (cache miss)
npm http fetch GET 200 https://registry.npmjs.org/chalk/-/chalk-2.4.2.tgz 7259ms (cache miss)
npm http fetch GET 200 https://registry.npmjs.org/ansi-regex/-/ansi-regex-6.2.0.tgz 7256ms (cache miss)
npm http fetch GET 200 https://registry.npmjs.org/emoji-regex/-/emoji-regex-8.0.0.tgz 7255ms (cache miss)
npm http fetch GET 200 https://registry.npmjs.org/string-width/-/string-width-4.2.3.tgz 7256ms (cache miss)
npm http fetch GET 200 https://registry.npmjs.org/strip-ansi/-/strip-ansi-6.0.1.tgz 7256ms (cache miss)
npm http fetch GET 200 https://registry.npmjs.org/strip-ansi/-/strip-ansi-6.0.1.tgz 7258ms (cache miss)
npm http fetch GET 200 https://registry.npmjs.org/strip-ansi/-/strip-ansi-6.0.1.tgz 7244ms (cache miss)
npm http fetch GET 200 https://registry.npmjs.org/domutils/-/domutils-3.2.2.tgz 8236ms (cache miss)
npm http fetch GET 200 https://registry.npmjs.org/pngjs/-/pngjs-3.4.0.tgz 7988ms (cache miss)
npm http fetch GET 200 https://registry.npmjs.org/picomatch/-/picomatch-2.3.1.tgz 7329ms (cache miss)
npm http fetch GET 200 https://registry.npmjs.org/signal-exit/-/signal-exit-3.0.7.tgz 7295ms (cache miss)
npm http fetch GET 200 https://registry.npmjs.org/mimic-response/-/mimic-response-3.1.0.tgz 7282ms (cache miss)
npm http fetch GET 200 https://registry.npmjs.org/wrap-ansi/-/wrap-ansi-8.1.0.tgz 7282ms (cache miss)
npm http fetch GET 200 https://registry.npmjs.org/ansi-styles/-/ansi-styles-6.2.1.tgz 7283ms (cache miss)
npm http fetch GET 200 https://registry.npmjs.org/picomatch/-/picomatch-2.3.1.tgz 7336ms (cache miss)
npm http fetch GET 200 https://registry.npmjs.org/picomatch/-/picomatch-2.3.1.tgz 7339ms (cache miss)
npm http fetch GET 200 https://registry.npmjs.org/ms/-/ms-2.0.0.tgz 7305ms (cache miss)
npm http fetch GET 200 https://registry.npmjs.org/ms/-/ms-2.0.0.tgz 7300ms (cache miss)
npm http fetch GET 200 https://registry.npmjs.org/ms/-/ms-2.0.0.tgz 7291ms (cache miss)
npm warn deprecated glob@7.2.3: Glob versions prior to v9 are no longer supported
npm http fetch GET 200 https://registry.npmjs.org/@babel/template/-/template-7.27.2.tgz 7527ms (cache miss)
npm http fetch GET 200 https://registry.npmjs.org/string-width/-/string-width-4.2.3.tgz 7327ms (cache miss)
npm http fetch GET 200 https://registry.npmjs.org/string-width/-/string-width-4.2.3.tgz 7310ms (cache miss)
npm http fetch GET 200 https://registry.npmjs.org/brace-expansion/-/brace-expansion-1.1.12.tgz 7326ms (cache miss)
npm http fetch GET 200 https://registry.npmjs.org/glob/-/glob-7.2.3.tgz 7323ms (cache miss)
npm http fetch GET 200 https://registry.npmjs.org/minimatch/-/minimatch-3.1.2.tgz 7325ms (cache miss)
npm warn deprecated glob@7.2.3: Glob versions prior to v9 are no longer supported
npm http fetch GET 200 https://registry.npmjs.org/on-finished/-/on-finished-2.4.1.tgz 7322ms (cache miss)
npm http fetch GET 200 https://registry.npmjs.org/statuses/-/statuses-2.0.1.tgz 7323ms (cache miss)
npm http fetch GET 200 https://registry.npmjs.org/encodeurl/-/encodeurl-2.0.0.tgz 7341ms (cache miss)
npm http fetch GET 200 https://registry.npmjs.org/send/-/send-0.19.0.tgz 7342ms (cache miss)
npm http fetch GET 200 https://registry.npmjs.org/encodeurl/-/encodeurl-1.0.2.tgz 7347ms (cache miss)
npm http fetch GET 200 https://registry.npmjs.org/lightningcss/-/lightningcss-1.27.0.tgz 7816ms (cache miss)
npm http fetch GET 200 https://registry.npmjs.org/emoji-regex/-/emoji-regex-8.0.0.tgz 7364ms (cache miss)
npm http fetch GET 200 https://registry.npmjs.org/strip-ansi/-/strip-ansi-6.0.1.tgz 7364ms (cache miss)
npm http fetch GET 200 https://registry.npmjs.org/yallist/-/yallist-5.0.0.tgz 7361ms (cache miss)
npm http fetch GET 200 https://registry.npmjs.org/@expo/image-utils/-/image-utils-0.7.6.tgz 7672ms (cache miss)
npm http fetch GET 200 https://registry.npmjs.org/commander/-/commander-4.1.1.tgz 7387ms (cache miss)
npm http fetch GET 200 https://registry.npmjs.org/statuses/-/statuses-2.0.1.tgz 7382ms (cache miss)
npm http fetch GET 200 https://registry.npmjs.org/ms/-/ms-2.0.0.tgz 7378ms (cache miss)
npm http fetch GET 200 https://registry.npmjs.org/ms/-/ms-2.0.0.tgz 7365ms (cache miss)
npm http fetch GET 200 https://registry.npmjs.org/ms/-/ms-2.0.0.tgz 7361ms (cache miss)
npm http fetch GET 200 https://registry.npmjs.org/ms/-/ms-2.0.0.tgz 7364ms (cache miss)
npm http fetch GET 200 https://registry.npmjs.org/resolve/-/resolve-1.7.1.tgz 7378ms (cache miss)
npm http fetch GET 200 https://registry.npmjs.org/react-is/-/react-is-18.3.1.tgz 7386ms (cache miss)
npm http fetch GET 200 https://registry.npmjs.org/@babel/helper-module-transforms/-/helper-module-transforms-7.28.3.tgz 7624ms (cache miss)
npm http fetch GET 200 https://registry.npmjs.org/on-finished/-/on-finished-2.4.1.tgz 7407ms (cache miss)
npm http fetch GET 200 https://registry.npmjs.org/ansi-styles/-/ansi-styles-3.2.1.tgz 7395ms (cache miss)
npm http fetch GET 200 https://registry.npmjs.org/strip-ansi/-/strip-ansi-5.2.0.tgz 7395ms (cache miss)
npm http fetch GET 200 https://registry.npmjs.org/ansi-styles/-/ansi-styles-5.2.0.tgz 7404ms (cache miss)
npm http fetch GET 200 https://registry.npmjs.org/has-flag/-/has-flag-3.0.0.tgz 7404ms (cache miss)
npm http fetch GET 200 https://registry.npmjs.org/ansi-regex/-/ansi-regex-4.1.1.tgz 7403ms (cache miss)
npm http fetch GET 200 https://registry.npmjs.org/color-convert/-/color-convert-1.9.3.tgz 7401ms (cache miss)
npm http fetch GET 200 https://registry.npmjs.org/color-name/-/color-name-1.1.3.tgz 7404ms (cache miss)
npm http fetch GET 200 https://registry.npmjs.org/escape-string-regexp/-/escape-string-regexp-1.0.5.tgz 7400ms (cache miss)
npm http fetch GET 200 https://registry.npmjs.org/supports-color/-/supports-color-5.5.0.tgz 7401ms (cache miss)
npm http fetch GET 200 https://registry.npmjs.org/chalk/-/chalk-2.4.2.tgz 7399ms (cache miss)
npm http fetch GET 200 https://registry.npmjs.org/debug/-/debug-2.6.9.tgz 7477ms (cache miss)
npm http fetch GET 200 https://registry.npmjs.org/encodeurl/-/encodeurl-2.0.0.tgz 7430ms (cache miss)
npm http fetch GET 200 https://registry.npmjs.org/open/-/open-8.4.2.tgz 7412ms (cache miss)
npm http fetch GET 200 https://registry.npmjs.org/negotiator/-/negotiator-0.6.4.tgz 7435ms (cache miss)
npm http fetch GET 200 https://registry.npmjs.org/webidl-conversions/-/webidl-conversions-5.0.0.tgz 7426ms (cache miss)
npm http fetch GET 200 https://registry.npmjs.org/@babel/code-frame/-/code-frame-7.10.4.tgz 7430ms (cache miss)
npm http fetch GET 200 https://registry.npmjs.org/@urql/core/-/core-5.2.0.tgz 7776ms (cache miss)
npm http fetch GET 200 https://registry.npmjs.org/react-native-is-edge-to-edge/-/react-native-is-edge-to-edge-1.1.7.tgz 7445ms (cache miss)
npm http fetch GET 200 https://registry.npmjs.org/json5/-/json5-2.2.3.tgz 7720ms (cache miss)
npm http fetch GET 200 https://registry.npmjs.org/debug/-/debug-2.6.9.tgz 7523ms (cache miss)
npm http fetch GET 200 https://registry.npmjs.org/mime-db/-/mime-db-1.52.0.tgz 7511ms (cache miss)
npm http fetch GET 200 https://registry.npmjs.org/debug/-/debug-3.2.7.tgz 7470ms (cache miss)
npm http fetch GET 200 https://registry.npmjs.org/glob/-/glob-7.2.3.tgz 7460ms (cache miss)
npm warn deprecated glob@7.2.3: Glob versions prior to v9 are no longer supported
npm http fetch GET 200 https://registry.npmjs.org/brace-expansion/-/brace-expansion-1.1.12.tgz 7465ms (cache miss)
npm http fetch GET 200 https://registry.npmjs.org/minimatch/-/minimatch-3.1.2.tgz 7463ms (cache miss)
npm http fetch GET 200 https://registry.npmjs.org/@react-native/normalize-colors/-/normalize-colors-0.79.6.tgz 7460ms (cache miss)
npm http fetch GET 200 https://registry.npmjs.org/is-arrayish/-/is-arrayish-0.3.2.tgz 7469ms (cache miss)
npm http fetch GET 200 https://registry.npmjs.org/core-js-compat/-/core-js-compat-3.45.1.tgz 8065ms (cache miss)
npm http fetch GET 200 https://registry.npmjs.org/debug/-/debug-2.6.9.tgz 7539ms (cache miss)
npm http fetch GET 200 https://registry.npmjs.org/babel-preset-expo/-/babel-preset-expo-13.2.4.tgz 7816ms (cache miss)
npm http fetch GET 200 https://registry.npmjs.org/@jridgewell/sourcemap-codec/-/sourcemap-codec-1.5.5.tgz 7777ms (cache miss)
npm http fetch GET 200 https://registry.npmjs.org/debug/-/debug-2.6.9.tgz 7553ms (cache miss)
npm http fetch GET 200 https://registry.npmjs.org/@babel/code-frame/-/code-frame-7.10.4.tgz 7516ms (cache miss)
npm http fetch GET 200 https://registry.npmjs.org/@babel/code-frame/-/code-frame-7.10.4.tgz 7509ms (cache miss)
npm http fetch GET 200 https://registry.npmjs.org/ws/-/ws-7.5.10.tgz 7603ms (cache miss)
npm http fetch GET 200 https://registry.npmjs.org/ws/-/ws-7.5.10.tgz 7609ms (cache miss)
npm http fetch GET 200 https://registry.npmjs.org/undici-types/-/undici-types-7.10.0.tgz 7839ms (cache miss)
npm http fetch GET 200 https://registry.npmjs.org/@jridgewell/gen-mapping/-/gen-mapping-0.3.13.tgz 7819ms (cache miss)
npm http fetch GET 200 https://registry.npmjs.org/debug/-/debug-2.6.9.tgz 7597ms (cache miss)
npm http fetch GET 200 https://registry.npmjs.org/wonka/-/wonka-6.3.5.tgz 8093ms (cache miss)
npm http fetch GET 200 https://registry.npmjs.org/debug/-/debug-2.6.9.tgz 7638ms (cache miss)
npm http fetch GET 200 https://registry.npmjs.org/debug/-/debug-2.6.9.tgz 7703ms (cache miss)
npm http fetch GET 200 https://registry.npmjs.org/debug/-/debug-2.6.9.tgz 7745ms (cache miss)
npm http fetch GET 200 https://registry.npmjs.org/@expo/package-manager/-/package-manager-1.8.6.tgz 8081ms (cache miss)
npm http fetch GET 200 https://registry.npmjs.org/react/-/react-19.0.0.tgz 8000ms (cache miss)
npm http fetch GET 200 https://registry.npmjs.org/ws/-/ws-6.2.3.tgz 7778ms (cache miss)
npm http fetch GET 200 https://registry.npmjs.org/ws/-/ws-6.2.3.tgz 7808ms (cache miss)
npm http fetch GET 200 https://registry.npmjs.org/@sinclair/typebox/-/typebox-0.27.8.tgz 8602ms (cache miss)
npm http fetch GET 200 https://registry.npmjs.org/argparse/-/argparse-1.0.10.tgz 7962ms (cache miss)
npm http fetch GET 200 https://registry.npmjs.org/commander/-/commander-12.1.0.tgz 7869ms (cache miss)
npm http fetch GET 200 https://registry.npmjs.org/@expo/xcpretty/-/xcpretty-4.3.2.tgz 8243ms (cache miss)
npm http fetch GET 200 https://registry.npmjs.org/argparse/-/argparse-1.0.10.tgz 8012ms (cache miss)
npm http fetch GET 200 https://registry.npmjs.org/js-yaml/-/js-yaml-4.1.0.tgz 8422ms (cache miss)
npm http fetch GET 200 https://registry.npmjs.org/entities/-/entities-4.5.0.tgz 8983ms (cache miss)
npm http fetch GET 200 https://registry.npmjs.org/xmlbuilder/-/xmlbuilder-15.1.1.tgz 8457ms (cache miss)
npm http fetch GET 200 https://registry.npmjs.org/@expo/devcert/-/devcert-1.2.0.tgz 8319ms (cache miss)
npm http fetch GET 200 https://registry.npmjs.org/@react-navigation/routers/-/routers-7.5.1.tgz 8281ms (cache miss)
npm http fetch GET 200 https://registry.npmjs.org/gifted-charts-core/-/gifted-charts-core-0.1.66.tgz 9020ms (cache miss)
npm http fetch GET 200 https://registry.npmjs.org/postcss/-/postcss-8.4.49.tgz 8513ms (cache miss)
npm http fetch GET 200 https://registry.npmjs.org/@jridgewell/trace-mapping/-/trace-mapping-0.3.30.tgz 8285ms (cache miss)
npm http fetch GET 200 https://registry.npmjs.org/hermes-estree/-/hermes-estree-0.29.1.tgz 8137ms (cache miss)
npm http fetch GET 200 https://registry.npmjs.org/yargs/-/yargs-17.7.2.tgz 8618ms (cache miss)
npm http fetch GET 200 https://registry.npmjs.org/hermes-estree/-/hermes-estree-0.29.1.tgz 8129ms (cache miss)
npm http fetch GET 200 https://registry.npmjs.org/@expo/config/-/config-11.0.13.tgz 8363ms (cache miss)
npm http fetch GET 200 https://registry.npmjs.org/@react-native/dev-middleware/-/dev-middleware-0.79.6.tgz 8444ms (cache miss)
npm http fetch GET 200 https://registry.npmjs.org/type-fest/-/type-fest-0.21.3.tgz 8265ms (cache miss)
npm http fetch GET 200 https://registry.npmjs.org/react-native-linear-gradient/-/react-native-linear-gradient-2.8.3.tgz 8378ms (cache miss)
npm http fetch GET 200 https://registry.npmjs.org/expo-constants/-/expo-constants-17.1.7.tgz 8471ms (cache miss)
npm http fetch GET 200 https://registry.npmjs.org/@babel/traverse/-/traverse-7.28.3.tgz 9109ms (cache miss)
npm http fetch GET 200 https://registry.npmjs.org/minimatch/-/minimatch-9.0.5.tgz 8580ms (cache miss)
npm http fetch GET 200 https://registry.npmjs.org/semver/-/semver-7.7.2.tgz 8314ms (cache miss)
npm http fetch GET 200 https://registry.npmjs.org/xmlbuilder/-/xmlbuilder-11.0.1.tgz 8303ms (cache miss)
npm http fetch GET 200 https://registry.npmjs.org/csstype/-/csstype-3.1.3.tgz 8598ms (cache miss)
npm http fetch GET 200 https://registry.npmjs.org/got/-/got-11.8.6.tgz 8572ms (cache miss)
npm http fetch GET 200 https://registry.npmjs.org/uuid/-/uuid-7.0.3.tgz 8357ms (cache miss)
npm http fetch GET 200 https://registry.npmjs.org/@types/react/-/react-19.0.14.tgz 8578ms (cache miss)
npm http fetch GET 200 https://registry.npmjs.org/expo-keep-awake/-/expo-keep-awake-14.1.4.tgz 8678ms (cache miss)
npm http fetch GET 200 https://registry.npmjs.org/semver/-/semver-7.7.2.tgz 8377ms (cache miss)
npm http fetch GET 200 https://registry.npmjs.org/js-yaml/-/js-yaml-3.14.1.tgz 8470ms (cache miss)
npm http fetch GET 200 https://registry.npmjs.org/js-yaml/-/js-yaml-3.14.1.tgz 8485ms (cache miss)
npm http fetch GET 200 https://registry.npmjs.org/semver/-/semver-7.7.2.tgz 8388ms (cache miss)
npm http fetch GET 200 https://registry.npmjs.org/semver/-/semver-7.7.2.tgz 8386ms (cache miss)
npm http fetch GET 200 https://registry.npmjs.org/semver/-/semver-7.7.2.tgz 8389ms (cache miss)
npm http fetch GET 200 https://registry.npmjs.org/semver/-/semver-7.7.2.tgz 8392ms (cache miss)
npm http fetch GET 200 https://registry.npmjs.org/semver/-/semver-7.7.2.tgz 8398ms (cache miss)
npm http fetch GET 200 https://registry.npmjs.org/semver/-/semver-7.7.2.tgz 8400ms (cache miss)
npm http fetch GET 200 https://registry.npmjs.org/semver/-/semver-7.7.2.tgz 8403ms (cache miss)
npm http fetch GET 200 https://registry.npmjs.org/prompts/-/prompts-2.4.2.tgz 8811ms (cache miss)
npm http fetch GET 200 https://registry.npmjs.org/source-map/-/source-map-0.6.1.tgz 8604ms (cache miss)
npm http fetch GET 200 https://registry.npmjs.org/css-select/-/css-select-5.2.2.tgz 9510ms (cache miss)
npm http fetch GET 200 https://registry.npmjs.org/glob/-/glob-10.4.5.tgz 8858ms (cache miss)
npm http fetch GET 200 https://registry.npmjs.org/lru-cache/-/lru-cache-10.4.3.tgz 8575ms (cache miss)
npm http fetch GET 200 https://registry.npmjs.org/yaml/-/yaml-1.10.2.tgz 8801ms (cache miss)
npm http fetch GET 200 https://registry.npmjs.org/source-map/-/source-map-0.6.1.tgz 8571ms (cache miss)
npm http fetch GET 200 https://registry.npmjs.org/lru-cache/-/lru-cache-10.4.3.tgz 8607ms (cache miss)
npm http fetch GET 200 https://registry.npmjs.org/hermes-parser/-/hermes-parser-0.25.1.tgz 9140ms (cache miss)
npm http fetch GET 200 https://registry.npmjs.org/@babel/generator/-/generator-7.28.3.tgz 8836ms (cache miss)
npm http fetch GET 200 https://registry.npmjs.org/mkdirp/-/mkdirp-3.0.1.tgz 8620ms (cache miss)
npm http fetch GET 200 https://registry.npmjs.org/metro-file-map/-/metro-file-map-0.82.5.tgz 9485ms (cache miss)
npm http fetch GET 200 https://registry.npmjs.org/expo-linear-gradient/-/expo-linear-gradient-14.1.5.tgz 8874ms (cache miss)
npm http fetch GET 200 https://registry.npmjs.org/@supabase/postgrest-js/-/postgrest-js-1.21.3.tgz 9006ms (cache miss)
npm http fetch GET 200 https://registry.npmjs.org/@supabase/supabase-js/-/supabase-js-2.56.1.tgz 8947ms (cache miss)
npm http fetch GET 200 https://registry.npmjs.org/@expo/fingerprint/-/fingerprint-0.13.4.tgz 9079ms (cache miss)
npm http fetch GET 200 https://registry.npmjs.org/react-native-gifted-charts/-/react-native-gifted-charts-1.4.64.tgz 9071ms (cache miss)
npm http fetch GET 200 https://registry.npmjs.org/react-native-edge-to-edge/-/react-native-edge-to-edge-1.6.0.tgz 9237ms (cache miss)
npm http fetch GET 200 https://registry.npmjs.org/@babel/traverse/-/traverse-7.28.3.tgz 9226ms (cache miss)
npm http fetch GET 200 https://registry.npmjs.org/terser/-/terser-5.43.1.tgz 9999ms (cache miss)
npm http fetch GET 200 https://registry.npmjs.org/@babel/parser/-/parser-7.28.3.tgz 9303ms (cache miss)
npm http fetch GET 200 https://registry.npmjs.org/@react-navigation/native-stack/-/native-stack-7.3.26.tgz 9277ms (cache miss)
npm http fetch GET 200 https://registry.npmjs.org/@supabase/storage-js/-/storage-js-2.11.0.tgz 9361ms (cache miss)
npm http fetch GET 200 https://registry.npmjs.org/expo-linking/-/expo-linking-7.1.7.tgz 9340ms (cache miss)
npm http fetch GET 200 https://registry.npmjs.org/@supabase/realtime-js/-/realtime-js-2.15.4.tgz 9470ms (cache miss)
npm http fetch GET 200 https://registry.npmjs.org/@egjs/hammerjs/-/hammerjs-2.0.17.tgz 10212ms (cache miss)
npm http fetch GET 200 https://registry.npmjs.org/@react-navigation/bottom-tabs/-/bottom-tabs-7.4.7.tgz 9482ms (cache miss)
npm http fetch GET 200 https://registry.npmjs.org/expo-font/-/expo-font-13.3.2.tgz 9643ms (cache miss)
npm http fetch GET 200 https://registry.npmjs.org/resolve/-/resolve-1.22.10.tgz 9790ms (cache miss)
npm http fetch GET 200 https://registry.npmjs.org/@expo/metro-config/-/metro-config-0.20.17.tgz 9724ms (cache miss)
npm http fetch GET 200 https://registry.npmjs.org/node-forge/-/node-forge-1.3.1.tgz 9803ms (cache miss)
npm http fetch GET 200 https://registry.npmjs.org/expo-asset/-/expo-asset-11.1.7.tgz 9805ms (cache miss)
npm http fetch GET 200 https://registry.npmjs.org/css-tree/-/css-tree-1.1.3.tgz 10535ms (cache miss)
npm http fetch GET 200 https://registry.npmjs.org/@react-navigation/native/-/native-7.1.17.tgz 9734ms (cache miss)
npm http fetch GET 200 https://registry.npmjs.org/expo-image-picker/-/expo-image-picker-16.1.4.tgz 9819ms (cache miss)
npm http fetch GET 200 https://registry.npmjs.org/hermes-parser/-/hermes-parser-0.29.1.tgz 9698ms (cache miss)
npm http fetch GET 200 https://registry.npmjs.org/hermes-parser/-/hermes-parser-0.29.1.tgz 9776ms (cache miss)
npm http fetch GET 200 https://registry.npmjs.org/@expo/prebuild-config/-/prebuild-config-9.0.11.tgz 10043ms (cache miss)
npm http fetch GET 200 https://registry.npmjs.org/@babel/core/-/core-7.28.3.tgz 9906ms (cache miss)
npm http fetch GET 200 https://registry.npmjs.org/@supabase/auth-js/-/auth-js-2.71.1.tgz 10061ms (cache miss)
npm http fetch GET 200 https://registry.npmjs.org/@types/node/-/node-24.3.0.tgz 10086ms (cache miss)
npm http fetch GET 200 https://registry.npmjs.org/expo-file-system/-/expo-file-system-18.1.11.tgz 10025ms (cache miss)
npm http fetch GET 200 https://registry.npmjs.org/@babel/runtime/-/runtime-7.28.3.tgz 10112ms (cache miss)
npm http fetch GET 200 https://registry.npmjs.org/@react-navigation/elements/-/elements-2.6.4.tgz 10151ms (cache miss)
npm http fetch GET 200 https://registry.npmjs.org/react-native-safe-area-context/-/react-native-safe-area-context-5.4.0.tgz 10193ms (cache miss)
npm http fetch GET 200 https://registry.npmjs.org/@babel/helpers/-/helpers-7.28.3.tgz 10582ms (cache miss)
npm http fetch GET 200 https://registry.npmjs.org/sucrase/-/sucrase-3.35.0.tgz 10841ms (cache miss)
npm http fetch GET 200 https://registry.npmjs.org/react-native-mmkv/-/react-native-mmkv-3.3.0.tgz 10667ms (cache miss)
npm http fetch GET 200 https://registry.npmjs.org/@react-native/gradle-plugin/-/gradle-plugin-0.79.6.tgz 11224ms (cache miss)
npm http fetch GET 200 https://registry.npmjs.org/tar/-/tar-7.4.3.tgz 10838ms (cache miss)
npm http fetch GET 200 https://registry.npmjs.org/expo-modules-autolinking/-/expo-modules-autolinking-2.1.14.tgz 10787ms (cache miss)
npm http fetch GET 200 https://registry.npmjs.org/undici/-/undici-6.21.3.tgz 10907ms (cache miss)
npm http fetch GET 200 https://registry.npmjs.org/@expo/config-plugins/-/config-plugins-10.1.2.tgz 11005ms (cache miss)
npm http fetch GET 200 https://registry.npmjs.org/@react-native/codegen/-/codegen-0.79.6.tgz 11298ms (cache miss)
npm http fetch GET 200 https://registry.npmjs.org/metro/-/metro-0.82.5.tgz 11533ms (cache miss)
npm http fetch GET 200 https://registry.npmjs.org/@babel/types/-/types-7.28.2.tgz 10974ms (cache miss)
npm http fetch GET 200 https://registry.npmjs.org/@react-navigation/core/-/core-7.12.4.tgz 11086ms (cache miss)
npm http fetch GET 200 https://registry.npmjs.org/regenerate-unicode-properties/-/regenerate-unicode-properties-10.2.0.tgz 11851ms (cache miss)
npm http fetch GET 200 https://registry.npmjs.org/expo/-/expo-53.0.22.tgz 11123ms (cache miss)
npm http fetch GET 200 https://registry.npmjs.org/@shopify/flash-list/-/flash-list-2.0.3.tgz 11204ms (cache miss)
npm http fetch GET 200 https://registry.npmjs.org/@expo/vector-icons/-/vector-icons-14.1.0.tgz 11506ms (cache miss)
npm http fetch GET 200 https://registry.npmjs.org/caniuse-lite/-/caniuse-lite-1.0.30001739.tgz 12471ms (cache miss)
npm http fetch GET 200 https://registry.npmjs.org/zod/-/zod-4.1.5.tgz 12442ms (cache miss)
npm http fetch GET 200 https://registry.npmjs.org/react-devtools-core/-/react-devtools-core-6.1.5.tgz 13050ms (cache miss)
npm http fetch GET 200 https://registry.npmjs.org/react-native-screens/-/react-native-screens-4.11.1.tgz 12928ms (cache miss)
npm http fetch GET 200 https://registry.npmjs.org/typescript/-/typescript-5.8.3.tgz 13321ms (cache miss)
npm http fetch GET 200 https://registry.npmjs.org/react-native-gesture-handler/-/react-native-gesture-handler-2.24.0.tgz 13638ms (cache miss)
npm http fetch GET 200 https://registry.npmjs.org/expo-modules-core/-/expo-modules-core-2.5.0.tgz 13788ms (cache miss)
npm http fetch GET 200 https://registry.npmjs.org/react-native-reanimated/-/react-native-reanimated-3.17.5.tgz 14003ms (cache miss)
npm http fetch GET 200 https://registry.npmjs.org/react-native-svg/-/react-native-svg-15.11.2.tgz 14107ms (cache miss)
npm http fetch GET 200 https://registry.npmjs.org/@expo/cli/-/cli-0.24.21.tgz 14299ms (cache miss)
npm http fetch GET 200 https://registry.npmjs.org/@react-native/debugger-frontend/-/debugger-frontend-0.79.6.tgz 14838ms (cache miss)
npm http fetch GET 200 https://registry.npmjs.org/date-fns/-/date-fns-4.1.0.tgz 16567ms (cache miss)
npm http fetch GET 200 https://registry.npmjs.org/react-native/-/react-native-0.79.6.tgz 18448ms (cache miss)

added 754 packages in 56s
npm verbose cwd /home/ubuntu/collectors-app
npm verbose os Linux 6.14.0-1011-aws
npm verbose node v20.19.4
npm verbose npm  v10.8.2
npm verbose exit 0
npm info ok
